{
  "round": 6,
  "metrics": {
    "tp": 50190.0,
    "fp": 101120.0,
    "tn": 335550.0,
    "fn": 20500.0,
    "tpr": 0.7100014146272458,
    "recall": 0.7100014146272458,
    "fpr": 0.23157075136831018,
    "spec": 0.7684292486316898,
    "ppv": 0.33170312603264823,
    "precision": 0.33170312603264823,
    "npv": 0.9424238168796517,
    "f1": 0.4521621621621622,
    "balanced_accuracy": 0.7392153316294678,
    "youden": 0.4784306632589357,
    "prevalence": 0.13932907600126143,
    "alerts_per_1000": 298.2300536108483,
    "auc": 0.8228454479838626
  }
}