{
  "round": 2,
  "metrics": {
    "tp": 49560.0,
    "fp": 99300.0,
    "tn": 337370.0,
    "fn": 21130.0,
    "tpr": 0.7010892629792049,
    "recall": 0.7010892629792049,
    "fpr": 0.2274028442530973,
    "spec": 0.7725971557469027,
    "ppv": 0.3329302700523982,
    "precision": 0.3329302700523982,
    "npv": 0.9410599721059972,
    "f1": 0.45146891368708725,
    "balanced_accuracy": 0.7368432093630538,
    "youden": 0.4736864187261076,
    "prevalence": 0.13932907600126143,
    "alerts_per_1000": 293.4011352885525,
    "auc": 0.8194082345378434
  }
}