{
  "round": 8,
  "metrics": {
    "tp": 50870.0,
    "fp": 105300.0,
    "tn": 331370.0,
    "fn": 19820.0,
    "tpr": 0.7196208798981468,
    "recall": 0.7196208798981468,
    "fpr": 0.24114319738017267,
    "spec": 0.7588568026198274,
    "ppv": 0.3257347762054172,
    "precision": 0.3257347762054172,
    "npv": 0.9435633133061875,
    "f1": 0.448470422286873,
    "balanced_accuracy": 0.7392388412589871,
    "youden": 0.4784776825179742,
    "prevalence": 0.13932907600126143,
    "alerts_per_1000": 307.80905077262696,
    "auc": 0.8215439436199369
  }
}