{
  "round": 16,
  "metrics": {
    "tp": 47290.0,
    "fp": 88750.0,
    "tn": 347920.0,
    "fn": 23400.0,
    "tpr": 0.6689772245013439,
    "recall": 0.6689772245013439,
    "fpr": 0.2032427233379898,
    "spec": 0.7967572766620102,
    "ppv": 0.3476183475448398,
    "precision": 0.3476183475448398,
    "npv": 0.9369815792308521,
    "f1": 0.45750495815798387,
    "balanced_accuracy": 0.7328672505816771,
    "youden": 0.46573450116335424,
    "prevalence": 0.13932907600126143,
    "alerts_per_1000": 268.13308104698837,
    "auc": 0.8221319759200877
  }
}