{
  "round": 18,
  "metrics": {
    "tp": 50660.0,
    "fp": 103610.0,
    "tn": 333060.0,
    "fn": 20030.0,
    "tpr": 0.7166501626821332,
    "recall": 0.7166501626821332,
    "fpr": 0.23727299791604645,
    "spec": 0.7627270020839536,
    "ppv": 0.32838529850262527,
    "precision": 0.32838529850262527,
    "npv": 0.9432722535330935,
    "f1": 0.45039118065433853,
    "balanced_accuracy": 0.7396885823830435,
    "youden": 0.47937716476608694,
    "prevalence": 0.13932907600126143,
    "alerts_per_1000": 304.06417533900975,
    "auc": 0.8221587850614805
  }
}