{
  "round": 15,
  "metrics": {
    "tp": 52220.0,
    "fp": 109430.0,
    "tn": 327240.0,
    "fn": 18470.0,
    "tpr": 0.738718347715377,
    "recall": 0.738718347715377,
    "fpr": 0.25060114044930953,
    "spec": 0.7493988595506904,
    "ppv": 0.3230436127435818,
    "precision": 0.3230436127435818,
    "npv": 0.9465737178560065,
    "f1": 0.4495136437978824,
    "balanced_accuracy": 0.7440586036330337,
    "youden": 0.48811720726606733,
    "prevalence": 0.13932907600126143,
    "alerts_per_1000": 318.6100599180069,
    "auc": 0.8233648595078695
  }
}