{
  "round": 8,
  "metrics": {
    "tp": 49990.0,
    "fp": 98970.0,
    "tn": 337700.0,
    "fn": 20700.0,
    "tpr": 0.7071721601358042,
    "recall": 0.7071721601358042,
    "fpr": 0.22664712483110816,
    "spec": 0.7733528751688918,
    "ppv": 0.33559344790547796,
    "precision": 0.33559344790547796,
    "npv": 0.9422433035714286,
    "f1": 0.4551786933758251,
    "balanced_accuracy": 0.7402625176523481,
    "youden": 0.48052503530469615,
    "prevalence": 0.13932907600126143,
    "alerts_per_1000": 293.59823399558496,
    "auc": 0.8230474454937725
  }
}