{
  "round": 11,
  "metrics": {
    "tp": 49200.0,
    "fp": 96590.0,
    "tn": 340080.0,
    "fn": 21490.0,
    "tpr": 0.6959966048946102,
    "recall": 0.6959966048946102,
    "fpr": 0.22119678475736826,
    "spec": 0.7788032152426317,
    "ppv": 0.33747170587831815,
    "precision": 0.33747170587831815,
    "npv": 0.9405647592444063,
    "f1": 0.4545454545454546,
    "balanced_accuracy": 0.737399910068621,
    "youden": 0.4747998201372421,
    "prevalence": 0.13932907600126143,
    "alerts_per_1000": 287.35020498265527,
    "auc": 0.8227223326186376
  }
}