{
  "round": 16,
  "metrics": {
    "tp": 51650.0,
    "fp": 107280.0,
    "tn": 329390.0,
    "fn": 19040.0,
    "tpr": 0.7306549724147687,
    "recall": 0.7306549724147687,
    "fpr": 0.24567751391210754,
    "spec": 0.7543224860878924,
    "ppv": 0.3249858428238847,
    "precision": 0.3249858428238847,
    "npv": 0.9453548775937778,
    "f1": 0.44987370438115143,
    "balanced_accuracy": 0.7424887292513306,
    "youden": 0.48497745850266116,
    "prevalence": 0.13932907600126143,
    "alerts_per_1000": 313.2489750867234,
    "auc": 0.8231868170696808
  }
}