{
  "round": 9,
  "metrics": {
    "tp": 49420.0,
    "fp": 96330.0,
    "tn": 340340.0,
    "fn": 21270.0,
    "tpr": 0.6991087848351959,
    "recall": 0.6991087848351959,
    "fpr": 0.220601369455195,
    "spec": 0.779398630544805,
    "ppv": 0.339073756432247,
    "precision": 0.339073756432247,
    "npv": 0.9411797240120572,
    "f1": 0.45666235446313075,
    "balanced_accuracy": 0.7392537076900004,
    "youden": 0.47850741538000086,
    "prevalence": 0.13932907600126143,
    "alerts_per_1000": 287.2713654998423,
    "auc": 0.8222371310557338
  }
}