{
  "round": 2,
  "metrics": {
    "tp": 2793.0,
    "fp": 6446.0,
    "tn": 15387.0,
    "fn": 742.0,
    "tpr": 0.7900990099009901,
    "recall": 0.7900990099009901,
    "fpr": 0.29524114871982776,
    "spec": 0.7047588512801722,
    "ppv": 0.302305444312155,
    "precision": 0.302305444312155,
    "npv": 0.953995907991816,
    "f1": 0.43729450446218887,
    "balanced_accuracy": 0.7474289305905812,
    "youden": 0.4948578611811625,
    "prevalence": 0.13934878587196467,
    "alerts_per_1000": 364.19899085462,
    "threshold": 0.4,
    "auc": 0.8250118066159687,
    "best_threshold": 0.4,
    "best_score": 0.7149261602368856,
    "all_thresholds": [
      {
        "tp": 3118,
        "fp": 8757,
        "tn": 13076,
        "fn": 417,
        "tpr": 0.882036775106082,
        "recall": 0.882036775106082,
        "fpr": 0.4010900929785188,
        "spec": 0.5989099070214812,
        "ppv": 0.26256842105263156,
        "precision": 0.26256842105263156,
        "npv": 0.9690950863410658,
        "f1": 0.40467229072031147,
        "balanced_accuracy": 0.7404733410637816,
        "youden": 0.4809466821275632,
        "prevalence": 0.13934878587196467,
        "alerts_per_1000": 468.10942920214444,
        "threshold": 0.3
      },
      {
        "tp": 2972,
        "fp": 7592,
        "tn": 14241,
        "fn": 563,
        "tpr": 0.8407355021216407,
        "recall": 0.8407355021216407,
        "fpr": 0.34773049970228553,
        "spec": 0.6522695002977145,
        "ppv": 0.2813328284740629,
        "precision": 0.2813328284740629,
        "npv": 0.9619697379086734,
        "f1": 0.4215901837009718,
        "balanced_accuracy": 0.7465025012096775,
        "youden": 0.4930050024193551,
        "prevalence": 0.13934878587196467,
        "alerts_per_1000": 416.4301482182277,
        "threshold": 0.35
      },
      {
        "tp": 2793,
        "fp": 6446,
        "tn": 15387,
        "fn": 742,
        "tpr": 0.7900990099009901,
        "recall": 0.7900990099009901,
        "fpr": 0.29524114871982776,
        "spec": 0.7047588512801722,
        "ppv": 0.302305444312155,
        "precision": 0.302305444312155,
        "npv": 0.953995907991816,
        "f1": 0.43729450446218887,
        "balanced_accuracy": 0.7474289305905812,
        "youden": 0.4948578611811625,
        "prevalence": 0.13934878587196467,
        "alerts_per_1000": 364.19899085462,
        "threshold": 0.4
      },
      {
        "tp": 2586,
        "fp": 5333,
        "tn": 16500,
        "fn": 949,
        "tpr": 0.7315417256011315,
        "recall": 0.7315417256011315,
        "fpr": 0.24426327119498006,
        "spec": 0.75573672880502,
        "ppv": 0.32655638338174015,
        "precision": 0.32655638338174015,
        "npv": 0.9456129291076852,
        "f1": 0.4515453116815087,
        "balanced_accuracy": 0.7436392272030757,
        "youden": 0.4872784544061515,
        "prevalence": 0.13934878587196467,
        "alerts_per_1000": 312.16493219804477,
        "threshold": 0.45
      },
      {
        "tp": 2309,
        "fp": 4259,
        "tn": 17574,
        "fn": 1226,
        "tpr": 0.6531824611032532,
        "recall": 0.6531824611032532,
        "fpr": 0.19507168048367152,
        "spec": 0.8049283195163285,
        "ppv": 0.35155298416565167,
        "precision": 0.35155298416565167,
        "npv": 0.9347872340425532,
        "f1": 0.45709195288528165,
        "balanced_accuracy": 0.7290553903097908,
        "youden": 0.45811078061958166,
        "prevalence": 0.13934878587196467,
        "alerts_per_1000": 258.9088615578682,
        "threshold": 0.5
      },
      {
        "tp": 2038,
        "fp": 3254,
        "tn": 18579,
        "fn": 1497,
        "tpr": 0.5765205091937765,
        "recall": 0.5765205091937765,
        "fpr": 0.14904044336554756,
        "spec": 0.8509595566344524,
        "ppv": 0.3851095993953137,
        "precision": 0.3851095993953137,
        "npv": 0.925433353257621,
        "f1": 0.46176503908462674,
        "balanced_accuracy": 0.7137400329141145,
        "youden": 0.42748006582822895,
        "prevalence": 0.13934878587196467,
        "alerts_per_1000": 208.60927152317882,
        "threshold": 0.55
      },
      {
        "tp": 1709,
        "fp": 2355,
        "tn": 19478,
        "fn": 1826,
        "tpr": 0.48345120226308347,
        "recall": 0.48345120226308347,
        "fpr": 0.10786424220217103,
        "spec": 0.8921357577978289,
        "ppv": 0.42052165354330706,
        "precision": 0.42052165354330706,
        "npv": 0.9142883965452497,
        "f1": 0.4497960257928675,
        "balanced_accuracy": 0.6877934800304562,
        "youden": 0.3755869600609123,
        "prevalence": 0.13934878587196467,
        "alerts_per_1000": 160.20182907600125,
        "threshold": 0.6
      },
      {
        "tp": 1359,
        "fp": 1590,
        "tn": 20243,
        "fn": 2176,
        "tpr": 0.3844413012729844,
        "recall": 0.3844413012729844,
        "fpr": 0.07282553932121101,
        "spec": 0.927174460678789,
        "ppv": 0.46083418107833163,
        "precision": 0.46083418107833163,
        "npv": 0.9029394709844328,
        "f1": 0.41918568784700805,
        "balanced_accuracy": 0.6558078809758867,
        "youden": 0.31161576195177343,
        "prevalence": 0.13934878587196467,
        "alerts_per_1000": 116.2488174077578,
        "threshold": 0.65
      },
      {
        "tp": 974,
        "fp": 973,
        "tn": 20860,
        "fn": 2561,
        "tpr": 0.27553041018387553,
        "recall": 0.27553041018387553,
        "fpr": 0.04456556588650208,
        "spec": 0.9554344341134979,
        "ppv": 0.5002568053415511,
        "precision": 0.5002568053415511,
        "npv": 0.8906536868622177,
        "f1": 0.3553447646844218,
        "balanced_accuracy": 0.6154824221486868,
        "youden": 0.23096484429737352,
        "prevalence": 0.13934878587196467,
        "alerts_per_1000": 76.75023651844843,
        "threshold": 0.7
      },
      {
        "tp": 587,
        "fp": 495,
        "tn": 21338,
        "fn": 2948,
        "tpr": 0.16605374823196606,
        "recall": 0.16605374823196606,
        "fpr": 0.0226721018641506,
        "spec": 0.9773278981358494,
        "ppv": 0.5425138632162662,
        "precision": 0.5425138632162662,
        "npv": 0.8786131927859673,
        "f1": 0.25427766948234787,
        "balanced_accuracy": 0.5716908231839077,
        "youden": 0.14338164636781547,
        "prevalence": 0.13934878587196467,
        "alerts_per_1000": 42.652160201829076,
        "threshold": 0.75
      }
    ]
  }
}