{
  "round": 9,
  "metrics": {
    "tp": 2770.0,
    "fp": 6269.0,
    "tn": 15564.0,
    "fn": 765.0,
    "tpr": 0.7835926449787836,
    "recall": 0.7835926449787836,
    "fpr": 0.2871341547199194,
    "spec": 0.7128658452800807,
    "ppv": 0.30644982852085406,
    "precision": 0.30644982852085406,
    "npv": 0.9531508359360646,
    "f1": 0.44059169715285507,
    "balanced_accuracy": 0.7482292451294321,
    "youden": 0.49645849025886424,
    "prevalence": 0.13934878587196467,
    "alerts_per_1000": 356.3150425733207,
    "threshold": 0.45,
    "auc": 0.8262313740285882,
    "best_threshold": 0.45,
    "best_score": 0.7154151510061086,
    "all_thresholds": [
      {
        "tp": 3168,
        "fp": 9313,
        "tn": 12520,
        "fn": 367,
        "tpr": 0.8961810466760962,
        "recall": 0.8961810466760962,
        "fpr": 0.4265561306279485,
        "spec": 0.5734438693720515,
        "ppv": 0.25382581523916353,
        "precision": 0.25382581523916353,
        "npv": 0.9715216885233181,
        "f1": 0.39560439560439564,
        "balanced_accuracy": 0.7348124580240738,
        "youden": 0.4696249160481476,
        "prevalence": 0.13934878587196467,
        "alerts_per_1000": 491.99779249448125,
        "threshold": 0.3
      },
      {
        "tp": 3052,
        "fp": 8274,
        "tn": 13559,
        "fn": 483,
        "tpr": 0.8633663366336634,
        "recall": 0.8633663366336634,
        "fpr": 0.37896761782622634,
        "spec": 0.6210323821737737,
        "ppv": 0.2694684796044499,
        "precision": 0.2694684796044499,
        "npv": 0.9656031904287139,
        "f1": 0.41073951954780974,
        "balanced_accuracy": 0.7421993594037185,
        "youden": 0.484398718807437,
        "prevalence": 0.13934878587196467,
        "alerts_per_1000": 446.46799116997795,
        "threshold": 0.35
      },
      {
        "tp": 2931,
        "fp": 7279,
        "tn": 14554,
        "fn": 604,
        "tpr": 0.8291371994342291,
        "recall": 0.8291371994342291,
        "fpr": 0.3333944029679842,
        "spec": 0.6666055970320157,
        "ppv": 0.2870714985308521,
        "precision": 0.2870714985308521,
        "npv": 0.9601530544926772,
        "f1": 0.42648235722080763,
        "balanced_accuracy": 0.7478713982331224,
        "youden": 0.49574279646624486,
        "prevalence": 0.13934878587196467,
        "alerts_per_1000": 402.47555976032794,
        "threshold": 0.4
      },
      {
        "tp": 2770,
        "fp": 6269,
        "tn": 15564,
        "fn": 765,
        "tpr": 0.7835926449787836,
        "recall": 0.7835926449787836,
        "fpr": 0.2871341547199194,
        "spec": 0.7128658452800807,
        "ppv": 0.30644982852085406,
        "precision": 0.30644982852085406,
        "npv": 0.9531508359360646,
        "f1": 0.44059169715285507,
        "balanced_accuracy": 0.7482292451294321,
        "youden": 0.49645849025886424,
        "prevalence": 0.13934878587196467,
        "alerts_per_1000": 356.3150425733207,
        "threshold": 0.45
      },
      {
        "tp": 2565,
        "fp": 5267,
        "tn": 16566,
        "fn": 970,
        "tpr": 0.7256011315417256,
        "recall": 0.7256011315417256,
        "fpr": 0.24124032427976,
        "spec": 0.75875967572024,
        "ppv": 0.3275025536261491,
        "precision": 0.3275025536261491,
        "npv": 0.9446852189781022,
        "f1": 0.4513064133016627,
        "balanced_accuracy": 0.7421804036309827,
        "youden": 0.4843608072619654,
        "prevalence": 0.13934878587196467,
        "alerts_per_1000": 308.7354146956796,
        "threshold": 0.5
      },
      {
        "tp": 2381,
        "fp": 4340,
        "tn": 17493,
        "fn": 1154,
        "tpr": 0.6735502121640735,
        "recall": 0.6735502121640735,
        "fpr": 0.19878166078871434,
        "spec": 0.8012183392112857,
        "ppv": 0.35426275851807765,
        "precision": 0.35426275851807765,
        "npv": 0.9381133694428058,
        "f1": 0.4643135725429018,
        "balanced_accuracy": 0.7373842756876796,
        "youden": 0.4747685513753592,
        "prevalence": 0.13934878587196467,
        "alerts_per_1000": 264.9400819930621,
        "threshold": 0.55
      },
      {
        "tp": 2123,
        "fp": 3432,
        "tn": 18401,
        "fn": 1412,
        "tpr": 0.6005657708628006,
        "recall": 0.6005657708628006,
        "fpr": 0.15719323959144416,
        "spec": 0.8428067604085558,
        "ppv": 0.3821782178217822,
        "precision": 0.3821782178217822,
        "npv": 0.9287336597183667,
        "f1": 0.4671067106710671,
        "balanced_accuracy": 0.7216862656356782,
        "youden": 0.44337253127135634,
        "prevalence": 0.13934878587196467,
        "alerts_per_1000": 218.97666351308737,
        "threshold": 0.6
      },
      {
        "tp": 1847,
        "fp": 2651,
        "tn": 19182,
        "fn": 1688,
        "tpr": 0.5224893917963225,
        "recall": 0.5224893917963225,
        "fpr": 0.1214217010946732,
        "spec": 0.8785782989053268,
        "ppv": 0.4106269453090262,
        "precision": 0.4106269453090262,
        "npv": 0.9191183517010062,
        "f1": 0.4598531059380057,
        "balanced_accuracy": 0.7005338453508246,
        "youden": 0.40106769070164927,
        "prevalence": 0.13934878587196467,
        "alerts_per_1000": 177.3099968464207,
        "threshold": 0.65
      },
      {
        "tp": 1533,
        "fp": 1890,
        "tn": 19943,
        "fn": 2002,
        "tpr": 0.43366336633663366,
        "recall": 0.43366336633663366,
        "fpr": 0.08656620711766592,
        "spec": 0.9134337928823341,
        "ppv": 0.44785276073619634,
        "precision": 0.44785276073619634,
        "npv": 0.9087719298245615,
        "f1": 0.44064386317907445,
        "balanced_accuracy": 0.6735485796094839,
        "youden": 0.3470971592189678,
        "prevalence": 0.13934878587196467,
        "alerts_per_1000": 134.9337748344371,
        "threshold": 0.7
      },
      {
        "tp": 1151,
        "fp": 1262,
        "tn": 20571,
        "fn": 2384,
        "tpr": 0.3256011315417256,
        "recall": 0.3256011315417256,
        "fpr": 0.05780240919708698,
        "spec": 0.942197590802913,
        "ppv": 0.4769995855781185,
        "precision": 0.4769995855781185,
        "npv": 0.8961446307993901,
        "f1": 0.3870208473436449,
        "balanced_accuracy": 0.6338993611723193,
        "youden": 0.26779872234463853,
        "prevalence": 0.13934878587196467,
        "alerts_per_1000": 95.11983601387574,
        "threshold": 0.75
      }
    ]
  }
}