{
  "round": 8,
  "metrics": {
    "tp": 55120.0,
    "fp": 125240.0,
    "tn": 311430.0,
    "fn": 15570.0,
    "tpr": 0.7797425378412788,
    "recall": 0.7797425378412788,
    "fpr": 0.28680697093915314,
    "spec": 0.7131930290608468,
    "ppv": 0.3056110002217787,
    "precision": 0.3056110002217787,
    "npv": 0.9523853211009174,
    "f1": 0.439115714001195,
    "balanced_accuracy": 0.7464677834510628,
    "youden": 0.4929355669021256,
    "prevalence": 0.13932907600126143,
    "alerts_per_1000": 355.4872280037843,
    "auc": 0.8221051716380647
  }
}