{
  "round": 6,
  "metrics": {
    "tp": 53900.0,
    "fp": 117960.0,
    "tn": 318710.0,
    "fn": 16790.0,
    "tpr": 0.7624840854434857,
    "recall": 0.7624840854434857,
    "fpr": 0.2701353424783017,
    "spec": 0.7298646575216983,
    "ppv": 0.3136273711160247,
    "precision": 0.3136273711160247,
    "npv": 0.9499552906110283,
    "f1": 0.4444444444444445,
    "balanced_accuracy": 0.7461743714825919,
    "youden": 0.4923487429651838,
    "prevalence": 0.13932907600126143,
    "alerts_per_1000": 338.7338379060233,
    "auc": 0.8223959757449173
  }
}