{
  "round": 13,
  "metrics": {
    "tp": 54330.0,
    "fp": 120970.0,
    "tn": 315700.0,
    "fn": 16360.0,
    "tpr": 0.7685669826000848,
    "recall": 0.7685669826000848,
    "fpr": 0.2770284196303845,
    "spec": 0.7229715803696155,
    "ppv": 0.30992584141471763,
    "precision": 0.30992584141471763,
    "npv": 0.950731795458652,
    "f1": 0.441725273385097,
    "balanced_accuracy": 0.7457692814848502,
    "youden": 0.49153856296970044,
    "prevalence": 0.13932907600126143,
    "alerts_per_1000": 345.5140334279407,
    "auc": 0.8218281211666154
  }
}