{
  "round": 19,
  "metrics": {
    "tp": 54910.0,
    "fp": 125270.0,
    "tn": 311400.0,
    "fn": 15780.0,
    "tpr": 0.7767718206252653,
    "recall": 0.7767718206252653,
    "fpr": 0.28687567270478853,
    "spec": 0.7131243272952115,
    "ppv": 0.30475080475080474,
    "precision": 0.30475080475080474,
    "npv": 0.9517696680726205,
    "f1": 0.43775660700761343,
    "balanced_accuracy": 0.7449480739602383,
    "youden": 0.48989614792047664,
    "prevalence": 0.13932907600126143,
    "alerts_per_1000": 355.1324503311258,
    "auc": 0.8222468951487983
  }
}