{
  "round": 9,
  "metrics": {
    "tp": 54230.0,
    "fp": 120240.0,
    "tn": 316430.0,
    "fn": 16460.0,
    "tpr": 0.7671523553543641,
    "recall": 0.7671523553543641,
    "fpr": 0.2753566766665903,
    "spec": 0.7246433233334098,
    "ppv": 0.31082707628818707,
    "precision": 0.31082707628818707,
    "npv": 0.9505542371353901,
    "f1": 0.4424049600261054,
    "balanced_accuracy": 0.7458978393438869,
    "youden": 0.49179567868777374,
    "prevalence": 0.13932907600126143,
    "alerts_per_1000": 343.8781141595711,
    "auc": 0.8228906789949345
  }
}