{
  "round": 16,
  "metrics": {
    "tp": 51660.0,
    "fp": 104910.0,
    "tn": 331760.0,
    "fn": 19030.0,
    "tpr": 0.7307964351393408,
    "recall": 0.7307964351393408,
    "fpr": 0.24025007442691276,
    "spec": 0.7597499255730873,
    "ppv": 0.3299482659513317,
    "precision": 0.3299482659513317,
    "npv": 0.9457510191282533,
    "f1": 0.4546334594737305,
    "balanced_accuracy": 0.745273180356214,
    "youden": 0.4905463607124281,
    "prevalence": 0.13932907600126143,
    "alerts_per_1000": 308.5974456007569,
    "auc": 0.8263769153800059
  }
}