{
  "round": 8,
  "metrics": {
    "tp": 49580.0,
    "fp": 95060.0,
    "tn": 341610.0,
    "fn": 21110.0,
    "tpr": 0.7013721884283491,
    "recall": 0.7013721884283491,
    "fpr": 0.21769299470996403,
    "spec": 0.7823070052900359,
    "ppv": 0.3427820796460177,
    "precision": 0.3427820796460177,
    "npv": 0.9418008381120423,
    "f1": 0.46050248455858445,
    "balanced_accuracy": 0.7418395968591925,
    "youden": 0.4836791937183851,
    "prevalence": 0.13932907600126143,
    "alerts_per_1000": 285.0835698517818,
    "auc": 0.8260468410886371
  }
}