{
  "round": 8,
  "metrics": {
    "tp": 50850.0,
    "fp": 101580.0,
    "tn": 335090.0,
    "fn": 19840.0,
    "tpr": 0.7193379544490027,
    "recall": 0.7193379544490027,
    "fpr": 0.23262417844138594,
    "spec": 0.7673758215586141,
    "ppv": 0.333595748868333,
    "precision": 0.333595748868333,
    "npv": 0.9441016538472374,
    "f1": 0.45580853352456074,
    "balanced_accuracy": 0.7433568880038084,
    "youden": 0.4867137760076168,
    "prevalence": 0.13932907600126143,
    "alerts_per_1000": 300.4375591296121,
    "auc": 0.8254914556524078
  }
}