{
  "round": 11,
  "metrics": {
    "tp": 50290.0,
    "fp": 98790.0,
    "tn": 337880.0,
    "fn": 20400.0,
    "tpr": 0.7114160418729665,
    "recall": 0.7114160418729665,
    "fpr": 0.2262349142372959,
    "spec": 0.7737650857627041,
    "ppv": 0.33733565870673465,
    "precision": 0.33733565870673465,
    "npv": 0.943061292843586,
    "f1": 0.45766028120307595,
    "balanced_accuracy": 0.7425905638178353,
    "youden": 0.48518112763567056,
    "prevalence": 0.13932907600126143,
    "alerts_per_1000": 293.83475244402393,
    "auc": 0.825300393343606
  }
}