{
  "round": 6,
  "metrics": {
    "tp": 49040.0,
    "fp": 94270.0,
    "tn": 342400.0,
    "fn": 21650.0,
    "tpr": 0.6937332013014571,
    "recall": 0.6937332013014571,
    "fpr": 0.21588384821489912,
    "spec": 0.7841161517851009,
    "ppv": 0.34219524108575816,
    "precision": 0.34219524108575816,
    "npv": 0.9405301469578354,
    "f1": 0.45831775700934585,
    "balanced_accuracy": 0.738924676543279,
    "youden": 0.47784935308655796,
    "prevalence": 0.13932907600126143,
    "alerts_per_1000": 282.46215704824976,
    "auc": 0.8250846988909359
  }
}