{
  "round": 2,
  "metrics": {
    "tp": 52700.0,
    "fp": 111780.0,
    "tn": 324890.0,
    "fn": 17990.0,
    "tpr": 0.7455085584948367,
    "recall": 0.7455085584948367,
    "fpr": 0.25598277875741404,
    "spec": 0.744017221242586,
    "ppv": 0.3204036964980545,
    "precision": 0.3204036964980545,
    "npv": 0.9475326644890341,
    "f1": 0.4481864183356721,
    "balanced_accuracy": 0.7447628898687113,
    "youden": 0.4895257797374226,
    "prevalence": 0.13932907600126143,
    "alerts_per_1000": 324.18795332702615,
    "auc": 0.8214347746451044
  }
}