{
  "round": 3,
  "metrics": {
    "tp": 47180.0,
    "fp": 87440.0,
    "tn": 349230.0,
    "fn": 23510.0,
    "tpr": 0.6674211345310511,
    "recall": 0.6674211345310511,
    "fpr": 0.20024274623857832,
    "spec": 0.7997572537614217,
    "ppv": 0.35046798395483586,
    "precision": 0.35046798395483586,
    "npv": 0.9369265439716693,
    "f1": 0.4595976815547222,
    "balanced_accuracy": 0.7335891941462365,
    "youden": 0.46717838829247293,
    "prevalence": 0.13932907600126143,
    "alerts_per_1000": 265.3342794071271,
    "auc": 0.8232695899495255
  }
}