{
  "round": 5,
  "metrics": {
    "tp": 51640.0,
    "fp": 105620.0,
    "tn": 331050.0,
    "fn": 19050.0,
    "tpr": 0.7305135096901967,
    "recall": 0.7305135096901967,
    "fpr": 0.24187601621361668,
    "spec": 0.7581239837863833,
    "ppv": 0.32837339437873586,
    "precision": 0.32837339437873586,
    "npv": 0.9455869751499572,
    "f1": 0.4530818161877605,
    "balanced_accuracy": 0.74431874673829,
    "youden": 0.48863749347658003,
    "prevalence": 0.13932907600126143,
    "alerts_per_1000": 309.957426679281,
    "auc": 0.8246861836200935
  }
}