{
  "round": 9,
  "metrics": {
    "tp": 51650.0,
    "fp": 105790.0,
    "tn": 330880.0,
    "fn": 19040.0,
    "tpr": 0.7306549724147687,
    "recall": 0.7306549724147687,
    "fpr": 0.24226532621888383,
    "spec": 0.7577346737811161,
    "ppv": 0.3280614837398374,
    "precision": 0.3280614837398374,
    "npv": 0.9455875628715135,
    "f1": 0.45281199316179377,
    "balanced_accuracy": 0.7441948230979425,
    "youden": 0.488389646195885,
    "prevalence": 0.13932907600126143,
    "alerts_per_1000": 310.31220435193944,
    "auc": 0.8254658775512821
  }
}