{
  "round": 12,
  "metrics": {
    "tp": 48990.0,
    "fp": 92550.0,
    "tn": 344120.0,
    "fn": 21700.0,
    "tpr": 0.6930258876785967,
    "recall": 0.6930258876785967,
    "fpr": 0.21194494698513752,
    "spec": 0.7880550530148624,
    "ppv": 0.3461212378126325,
    "precision": 0.3461212378126325,
    "npv": 0.9406812093379258,
    "f1": 0.46166894407011266,
    "balanced_accuracy": 0.7405404703467295,
    "youden": 0.4810809406934591,
    "prevalence": 0.13932907600126143,
    "alerts_per_1000": 278.97350993377484,
    "auc": 0.8256528417918267
  }
}