{
  "round": 2,
  "metrics": {
    "tp": 49410.0,
    "fp": 97010.0,
    "tn": 339660.0,
    "fn": 21280.0,
    "tpr": 0.6989673221106238,
    "recall": 0.6989673221106238,
    "fpr": 0.22215860947626354,
    "spec": 0.7778413905237365,
    "ppv": 0.33745389974047263,
    "precision": 0.33745389974047263,
    "npv": 0.9410428326037569,
    "f1": 0.4551609783059279,
    "balanced_accuracy": 0.7384043563171802,
    "youden": 0.4768087126343603,
    "prevalence": 0.13932907600126143,
    "alerts_per_1000": 288.59192683695994,
    "auc": 0.8226892532708324
  }
}