{
  "round": 6,
  "metrics": {
    "tp": 48790.0,
    "fp": 93070.0,
    "tn": 343600.0,
    "fn": 21900.0,
    "tpr": 0.6901966331871552,
    "recall": 0.6901966331871552,
    "fpr": 0.21313577758948404,
    "spec": 0.786864222410516,
    "ppv": 0.3439306358381503,
    "precision": 0.3439306358381503,
    "npv": 0.9400820793433653,
    "f1": 0.45909197835803345,
    "balanced_accuracy": 0.7385304277988356,
    "youden": 0.4770608555976712,
    "prevalence": 0.13932907600126143,
    "alerts_per_1000": 279.60422579627874,
    "auc": 0.8243287186827849
  }
}