{
  "round": 3,
  "metrics": {
    "tp": 49110.0,
    "fp": 95250.0,
    "tn": 341420.0,
    "fn": 21580.0,
    "tpr": 0.6947234403734616,
    "recall": 0.6947234403734616,
    "fpr": 0.21812810589232143,
    "spec": 0.7818718941076785,
    "ppv": 0.34019118869492937,
    "precision": 0.34019118869492937,
    "npv": 0.9405509641873279,
    "f1": 0.45673099279237395,
    "balanced_accuracy": 0.7382976672405701,
    "youden": 0.4765953344811402,
    "prevalence": 0.13932907600126143,
    "alerts_per_1000": 284.53169347209086,
    "auc": 0.8228069585380422
  }
}