{
  "round": 9,
  "metrics": {
    "tp": 45770.0,
    "fp": 80800.0,
    "tn": 355870.0,
    "fn": 24920.0,
    "tpr": 0.6474748903663885,
    "recall": 0.6474748903663885,
    "fpr": 0.18503675544461493,
    "spec": 0.814963244555385,
    "ppv": 0.3616180769534645,
    "precision": 0.3616180769534645,
    "npv": 0.9345571049659918,
    "f1": 0.46405758896887356,
    "balanced_accuracy": 0.7312190674608867,
    "youden": 0.46243813492177344,
    "prevalence": 0.13932907600126143,
    "alerts_per_1000": 249.4678334910123,
    "auc": 0.8247920579424218
  }
}