{
  "round": 5,
  "metrics": {
    "tp": 50950.0,
    "fp": 102320.0,
    "tn": 334350.0,
    "fn": 19740.0,
    "tpr": 0.7207525816947234,
    "recall": 0.7207525816947234,
    "fpr": 0.23431882199372525,
    "spec": 0.7656811780062748,
    "ppv": 0.33241991257258435,
    "precision": 0.33241991257258435,
    "npv": 0.9442514614928408,
    "f1": 0.4549919628505091,
    "balanced_accuracy": 0.7432168798504991,
    "youden": 0.4864337597009982,
    "prevalence": 0.13932907600126143,
    "alerts_per_1000": 302.09318826868497,
    "auc": 0.8234945285427264
  }
}