{
  "round": 12,
  "metrics": {
    "tp": 50490.0,
    "fp": 99710.0,
    "tn": 336960.0,
    "fn": 20200.0,
    "tpr": 0.714245296364408,
    "recall": 0.714245296364408,
    "fpr": 0.22834176838344744,
    "spec": 0.7716582316165526,
    "ppv": 0.33615179760319575,
    "precision": 0.33615179760319575,
    "npv": 0.943442714749692,
    "f1": 0.45715061795463807,
    "balanced_accuracy": 0.7429517639904804,
    "youden": 0.4859035279809607,
    "prevalence": 0.13932907600126143,
    "alerts_per_1000": 296.04225796278774,
    "auc": 0.8254599345424143
  }
}