{
  "round": 5,
  "metrics": {
    "tp": 48980.0,
    "fp": 93230.0,
    "tn": 343440.0,
    "fn": 21710.0,
    "tpr": 0.6928844249540246,
    "recall": 0.6928844249540246,
    "fpr": 0.21350218700620607,
    "spec": 0.786497812993794,
    "ppv": 0.34442022361296676,
    "precision": 0.34442022361296676,
    "npv": 0.9405449815144461,
    "f1": 0.46012212306247063,
    "balanced_accuracy": 0.7396911189739093,
    "youden": 0.47938223794781853,
    "prevalence": 0.13932907600126143,
    "alerts_per_1000": 280.29407127089246,
    "auc": 0.8237985582334996
  }
}