{
  "round": 7,
  "metrics": {
    "tp": 49080.0,
    "fp": 94230.0,
    "tn": 342440.0,
    "fn": 21610.0,
    "tpr": 0.6942990521997454,
    "recall": 0.6942990521997454,
    "fpr": 0.21579224586071863,
    "spec": 0.7842077541392813,
    "ppv": 0.34247435629055895,
    "precision": 0.34247435629055895,
    "npv": 0.9406400219750034,
    "f1": 0.45869158878504673,
    "balanced_accuracy": 0.7392534031695134,
    "youden": 0.47850680633902676,
    "prevalence": 0.13932907600126143,
    "alerts_per_1000": 282.46215704824976,
    "auc": 0.8246360252083743
  }
}