{
  "round": 16,
  "metrics": {
    "tp": 50070.0,
    "fp": 98220.0,
    "tn": 338450.0,
    "fn": 20620.0,
    "tpr": 0.7083038619323808,
    "recall": 0.7083038619323808,
    "fpr": 0.22492958069022373,
    "spec": 0.7750704193097763,
    "ppv": 0.33764920089014766,
    "precision": 0.33764920089014766,
    "npv": 0.9425738713899797,
    "f1": 0.4573020367156818,
    "balanced_accuracy": 0.7416871406210785,
    "youden": 0.4833742812421571,
    "prevalence": 0.13932907600126143,
    "alerts_per_1000": 292.2776726584674,
    "auc": 0.8255451937996401
  }
}