{
  "round": 7,
  "metrics": {
    "tp": 48360.0,
    "fp": 90620.0,
    "tn": 346050.0,
    "fn": 22330.0,
    "tpr": 0.6841137360305559,
    "recall": 0.6841137360305559,
    "fpr": 0.20752513339592826,
    "spec": 0.7924748666040717,
    "ppv": 0.3479637357893222,
    "precision": 0.3479637357893222,
    "npv": 0.9393832455616483,
    "f1": 0.46129632279296034,
    "balanced_accuracy": 0.7382943013173138,
    "youden": 0.47658860263462755,
    "prevalence": 0.13932907600126143,
    "alerts_per_1000": 273.9277830337433,
    "auc": 0.824488497990698
  }
}