{
  "round": 19,
  "metrics": {
    "tp": 56050.0,
    "fp": 127650.0,
    "tn": 309020.0,
    "fn": 14640.0,
    "tpr": 0.7928985712264818,
    "recall": 0.7928985712264818,
    "fpr": 0.29232601277852843,
    "spec": 0.7076739872214716,
    "ppv": 0.3051170386499728,
    "precision": 0.3051170386499728,
    "npv": 0.9547673484520793,
    "f1": 0.44066197570659227,
    "balanced_accuracy": 0.7502862792239766,
    "youden": 0.5005725584479532,
    "prevalence": 0.13932907600126143,
    "alerts_per_1000": 362.0703248186692,
    "auc": 0.8252702668726518
  }
}