{
  "round": 16,
  "metrics": {
    "tp": 56470.0,
    "fp": 130750.0,
    "tn": 305920.0,
    "fn": 14220.0,
    "tpr": 0.798840005658509,
    "recall": 0.798840005658509,
    "fpr": 0.29942519522751737,
    "spec": 0.7005748047724827,
    "ppv": 0.3016237581454973,
    "precision": 0.3016237581454973,
    "npv": 0.9555819329043543,
    "f1": 0.4379046954363926,
    "balanced_accuracy": 0.7497074052154958,
    "youden": 0.4994148104309917,
    "prevalence": 0.13932907600126143,
    "alerts_per_1000": 369.00819930621253,
    "auc": 0.8257417909302739
  }
}