{
  "round": 2,
  "metrics": {
    "tp": 56160.0,
    "fp": 130530.0,
    "tn": 306140.0,
    "fn": 14530.0,
    "tpr": 0.7944546611967747,
    "recall": 0.7944546611967747,
    "fpr": 0.2989213822795246,
    "spec": 0.7010786177204754,
    "ppv": 0.300819540414591,
    "precision": 0.300819540414591,
    "npv": 0.9546886207004085,
    "f1": 0.4363975444867511,
    "balanced_accuracy": 0.7477666394586251,
    "youden": 0.4955332789172502,
    "prevalence": 0.13932907600126143,
    "alerts_per_1000": 367.9635761589404,
    "auc": 0.8219876899018509
  }
}