{
  "round": 19,
  "metrics": {
    "tp": 56170.0,
    "fp": 128620.0,
    "tn": 308050.0,
    "fn": 14520.0,
    "tpr": 0.7945961239213467,
    "recall": 0.7945961239213467,
    "fpr": 0.2945473698674056,
    "spec": 0.7054526301325944,
    "ppv": 0.30396666486281726,
    "precision": 0.30396666486281726,
    "npv": 0.9549865145549803,
    "f1": 0.4397213089087208,
    "balanced_accuracy": 0.7500243770269706,
    "youden": 0.5000487540539411,
    "prevalence": 0.13932907600126143,
    "alerts_per_1000": 364.21870072532323,
    "auc": 0.8257477145016635
  }
}