{
  "round": 13,
  "metrics": {
    "tp": 55920.0,
    "fp": 127360.0,
    "tn": 309310.0,
    "fn": 14770.0,
    "tpr": 0.7910595558070448,
    "recall": 0.7910595558070448,
    "fpr": 0.29166189571071977,
    "spec": 0.7083381042892802,
    "ppv": 0.30510694020078566,
    "precision": 0.30510694020078566,
    "npv": 0.9544248333744755,
    "f1": 0.44036697247706413,
    "balanced_accuracy": 0.7496988300481625,
    "youden": 0.499397660096325,
    "prevalence": 0.13932907600126143,
    "alerts_per_1000": 361.2425102491328,
    "auc": 0.8253667269765173
  }
}