{
  "round": 10,
  "metrics": {
    "tp": 55680.0,
    "fp": 128280.0,
    "tn": 308390.0,
    "fn": 15010.0,
    "tpr": 0.787664450417315,
    "recall": 0.787664450417315,
    "fpr": 0.29376874985687135,
    "spec": 0.7062312501431287,
    "ppv": 0.30267449445531636,
    "precision": 0.30267449445531636,
    "npv": 0.953586889301175,
    "f1": 0.4373061064205773,
    "balanced_accuracy": 0.7469478502802218,
    "youden": 0.49389570056044363,
    "prevalence": 0.13932907600126143,
    "alerts_per_1000": 362.5827814569537,
    "auc": 0.8245794200331518
  }
}