{
  "round": 4,
  "metrics": {
    "tp": 55730.0,
    "fp": 126990.0,
    "tn": 309680.0,
    "fn": 14960.0,
    "tpr": 0.7883717640401754,
    "recall": 0.7883717640401754,
    "fpr": 0.2908145739345501,
    "spec": 0.7091854260654499,
    "ppv": 0.3050021891418564,
    "precision": 0.3050021891418564,
    "npv": 0.9539181862986693,
    "f1": 0.4398405745629613,
    "balanced_accuracy": 0.7487785950528126,
    "youden": 0.49755719010562527,
    "prevalence": 0.13932907600126143,
    "alerts_per_1000": 360.1387574897509,
    "auc": 0.8242559496248993
  }
}