{
  "round": 19,
  "metrics": {
    "tp": 55760.0,
    "fp": 125460.0,
    "tn": 311210.0,
    "fn": 14930.0,
    "tpr": 0.7887961522138917,
    "recall": 0.7887961522138917,
    "fpr": 0.2873107838871459,
    "spec": 0.7126892161128541,
    "ppv": 0.3076923076923077,
    "precision": 0.3076923076923077,
    "npv": 0.9542221132029189,
    "f1": 0.4426977888928586,
    "balanced_accuracy": 0.7507426841633729,
    "youden": 0.5014853683267457,
    "prevalence": 0.13932907600126143,
    "alerts_per_1000": 357.1822768842636,
    "auc": 0.8260181918660032
  }
}