{
  "round": 6,
  "metrics": {
    "tp": 56110.0,
    "fp": 129230.0,
    "tn": 307440.0,
    "fn": 14580.0,
    "tpr": 0.7937473475739143,
    "recall": 0.7937473475739143,
    "fpr": 0.29594430576865827,
    "spec": 0.7040556942313417,
    "ppv": 0.30274090860041003,
    "precision": 0.30274090860041003,
    "npv": 0.9547233091112354,
    "f1": 0.43830801077998666,
    "balanced_accuracy": 0.748901520902628,
    "youden": 0.4978030418052559,
    "prevalence": 0.13932907600126143,
    "alerts_per_1000": 365.3027436140019,
    "auc": 0.8246432786272103
  }
}