{
  "round": 20,
  "metrics": {
    "tp": 55980.0,
    "fp": 127310.0,
    "tn": 309360.0,
    "fn": 14710.0,
    "tpr": 0.7919083321544773,
    "recall": 0.7919083321544773,
    "fpr": 0.29154739276799413,
    "spec": 0.7084526072320059,
    "ppv": 0.30541764417044026,
    "precision": 0.30541764417044026,
    "npv": 0.9546085722220508,
    "f1": 0.4408221119773211,
    "balanced_accuracy": 0.7501804696932416,
    "youden": 0.5003609393864832,
    "prevalence": 0.13932907600126143,
    "alerts_per_1000": 361.262220119836,
    "auc": 0.8262204890370307
  }
}