{
  "round": 15,
  "metrics": {
    "tp": 55560.0,
    "fp": 126650.0,
    "tn": 310020.0,
    "fn": 15130.0,
    "tpr": 0.7859668977224501,
    "recall": 0.7859668977224501,
    "fpr": 0.2900359539240158,
    "spec": 0.7099640460759842,
    "ppv": 0.30492289116952964,
    "precision": 0.30492289116952964,
    "npv": 0.9534676303244656,
    "f1": 0.43938315539739026,
    "balanced_accuracy": 0.7479654718992171,
    "youden": 0.4959309437984343,
    "prevalence": 0.13932907600126143,
    "alerts_per_1000": 359.1335540838852,
    "auc": 0.8249446567220405
  }
}