{
  "round": 9,
  "metrics": {
    "tp": 54240.0,
    "fp": 118570.0,
    "tn": 318100.0,
    "fn": 16450.0,
    "tpr": 0.7672938180789362,
    "recall": 0.7672938180789362,
    "fpr": 0.27153227837955435,
    "spec": 0.7284677216204456,
    "ppv": 0.31387072507378044,
    "precision": 0.31387072507378044,
    "npv": 0.9508294724256464,
    "f1": 0.4455030800821355,
    "balanced_accuracy": 0.7478807698496909,
    "youden": 0.49576153969938175,
    "prevalence": 0.13932907600126143,
    "alerts_per_1000": 340.6062756228319,
    "auc": 0.8240397174020077
  }
}