{
  "round": 19,
  "metrics": {
    "tp": 36450.0,
    "fp": 52210.0,
    "tn": 384460.0,
    "fn": 34240.0,
    "tpr": 0.5156316310652144,
    "recall": 0.5156316310652144,
    "fpr": 0.1195639727941008,
    "spec": 0.8804360272058992,
    "ppv": 0.41112113692758856,
    "precision": 0.41112113692758856,
    "npv": 0.9182230714115118,
    "f1": 0.45748352682773774,
    "balanced_accuracy": 0.6980338291355568,
    "youden": 0.39606765827111357,
    "prevalence": 0.13932907600126143,
    "alerts_per_1000": 174.74771365499842,
    "auc": 0.8251960853580387
  }
}