{
  "round": 18,
  "metrics": {
    "tp": 52050.0,
    "fp": 105960.0,
    "tn": 330710.0,
    "fn": 18640.0,
    "tpr": 0.7363134813976517,
    "recall": 0.7363134813976517,
    "fpr": 0.24265463622415095,
    "spec": 0.757345363775849,
    "ppv": 0.3294095310423391,
    "precision": 0.3294095310423391,
    "npv": 0.9466437669958494,
    "f1": 0.45518146042850904,
    "balanced_accuracy": 0.7468294225867504,
    "youden": 0.4936588451735009,
    "prevalence": 0.13932907600126143,
    "alerts_per_1000": 311.4356669820246,
    "auc": 0.825952993705759
  }
}