{
  "round": 19,
  "metrics": {
    "tp": 54360.0,
    "fp": 118370.0,
    "tn": 318300.0,
    "fn": 16330.0,
    "tpr": 0.7689913707738011,
    "recall": 0.7689913707738011,
    "fpr": 0.27107426660865186,
    "spec": 0.7289257333913481,
    "ppv": 0.31471082035546805,
    "precision": 0.31471082035546805,
    "npv": 0.9511998326509876,
    "f1": 0.4466354449100321,
    "balanced_accuracy": 0.7489585520825746,
    "youden": 0.4979171041651491,
    "prevalence": 0.13932907600126143,
    "alerts_per_1000": 340.44859665720594,
    "auc": 0.825744567250034
  }
}