{
  "round": 2,
  "metrics": {
    "tp": 55540.0,
    "fp": 128150.0,
    "tn": 308520.0,
    "fn": 15150.0,
    "tpr": 0.785683972273306,
    "recall": 0.785683972273306,
    "fpr": 0.2934710422057847,
    "spec": 0.7065289577942153,
    "ppv": 0.302357232293538,
    "precision": 0.302357232293538,
    "npv": 0.9531930670126981,
    "f1": 0.43666954949288467,
    "balanced_accuracy": 0.7461064650337607,
    "youden": 0.4922129300675213,
    "prevalence": 0.13932907600126143,
    "alerts_per_1000": 362.0506149479659,
    "auc": 0.8204878390342804
  }
}