{
  "round": 17,
  "metrics": {
    "tp": 55810.0,
    "fp": 127830.0,
    "tn": 308840.0,
    "fn": 14880.0,
    "tpr": 0.789503465836752,
    "recall": 0.789503465836752,
    "fpr": 0.2927382233723407,
    "spec": 0.7072617766276593,
    "ppv": 0.3039098235678501,
    "precision": 0.3039098235678501,
    "npv": 0.9540343506734215,
    "f1": 0.43887862226241503,
    "balanced_accuracy": 0.7483826212322057,
    "youden": 0.49676524246441134,
    "prevalence": 0.13932907600126143,
    "alerts_per_1000": 361.9520655944497,
    "auc": 0.8259920500780185
  }
}