{
  "round": 9,
  "metrics": {
    "tp": 55100.0,
    "fp": 125750.0,
    "tn": 310920.0,
    "fn": 15590.0,
    "tpr": 0.7794596123921347,
    "recall": 0.7794596123921347,
    "fpr": 0.28797490095495454,
    "spec": 0.7120250990450454,
    "ppv": 0.3046723804257672,
    "precision": 0.3046723804257672,
    "npv": 0.952252610946066,
    "f1": 0.43810129601653813,
    "balanced_accuracy": 0.74574235571859,
    "youden": 0.4914847114371801,
    "prevalence": 0.13932907600126143,
    "alerts_per_1000": 356.45301166824345,
    "auc": 0.8239900919011406
  }
}