{
  "round": 19,
  "metrics": {
    "tp": 55460.0,
    "fp": 123220.0,
    "tn": 313450.0,
    "fn": 15230.0,
    "tpr": 0.7845522704767294,
    "recall": 0.7845522704767294,
    "fpr": 0.2821810520530378,
    "spec": 0.7178189479469622,
    "ppv": 0.31038728453100517,
    "precision": 0.31038728453100517,
    "npv": 0.9536631373980772,
    "f1": 0.44480089826362434,
    "balanced_accuracy": 0.7511856092118459,
    "youden": 0.5023712184236917,
    "prevalence": 0.13932907600126143,
    "alerts_per_1000": 352.1759697256386,
    "auc": 0.826296204492608
  }
}