{
  "round": 13,
  "metrics": {
    "tp": 55780.0,
    "fp": 126590.0,
    "tn": 310080.0,
    "fn": 14910.0,
    "tpr": 0.7890790776630358,
    "recall": 0.7890790776630358,
    "fpr": 0.2898985503927451,
    "spec": 0.7101014496072549,
    "ppv": 0.30586170971102705,
    "precision": 0.30586170971102705,
    "npv": 0.9541216652820087,
    "f1": 0.44084406860033193,
    "balanced_accuracy": 0.7495902636351452,
    "youden": 0.4991805272702905,
    "prevalence": 0.13932907600126143,
    "alerts_per_1000": 359.4489120151372,
    "auc": 0.8252132826666101
  }
}