{
  "round": 18,
  "metrics": {
    "tp": 53870.0,
    "fp": 118860.0,
    "tn": 317810.0,
    "fn": 16820.0,
    "tpr": 0.7620596972697694,
    "recall": 0.7620596972697694,
    "fpr": 0.272196395447363,
    "spec": 0.727803604552637,
    "ppv": 0.31187402304174144,
    "precision": 0.31187402304174144,
    "npv": 0.9497355287929953,
    "f1": 0.4426094815545148,
    "balanced_accuracy": 0.7449316509112032,
    "youden": 0.48986330182240634,
    "prevalence": 0.13932907600126143,
    "alerts_per_1000": 340.44859665720594,
    "auc": 0.8210675715313684
  }
}