{
  "round": 29,
  "metrics": {
    "tp": 54210.0,
    "fp": 120620.0,
    "tn": 316050.0,
    "fn": 16480.0,
    "tpr": 0.76686942990522,
    "recall": 0.76686942990522,
    "fpr": 0.2762268990313051,
    "spec": 0.723773100968695,
    "ppv": 0.31007264199508094,
    "precision": 0.31007264199508094,
    "npv": 0.9504405617538267,
    "f1": 0.4415933528836755,
    "balanced_accuracy": 0.7453212654369574,
    "youden": 0.49064253087391485,
    "prevalence": 0.13932907600126143,
    "alerts_per_1000": 344.5876695048881,
    "auc": 0.8214695256160087
  }
}