{
  "round": 30,
  "metrics": {
    "tp": 53830.0,
    "fp": 118630.0,
    "tn": 318040.0,
    "fn": 16860.0,
    "tpr": 0.7614938463714811,
    "recall": 0.7614938463714811,
    "fpr": 0.27166968191082513,
    "spec": 0.7283303180891749,
    "ppv": 0.3121303490664502,
    "precision": 0.3121303490664502,
    "npv": 0.9496566139146013,
    "f1": 0.44277195147028586,
    "balanced_accuracy": 0.744912082230328,
    "youden": 0.489824164460656,
    "prevalence": 0.13932907600126143,
    "alerts_per_1000": 339.9164301482182,
    "auc": 0.8217013418368065
  }
}