{
  "round": 20,
  "metrics": {
    "tp": 49900.0,
    "fp": 97760.0,
    "tn": 338910.0,
    "fn": 20790.0,
    "tpr": 0.7058989956146555,
    "recall": 0.7058989956146555,
    "fpr": 0.22387615361714797,
    "spec": 0.776123846382852,
    "ppv": 0.33793850738182313,
    "precision": 0.33793850738182313,
    "npv": 0.9422018348623853,
    "f1": 0.45706434623311204,
    "balanced_accuracy": 0.7410114209987537,
    "youden": 0.48202284199750745,
    "prevalence": 0.13932907600126143,
    "alerts_per_1000": 291.0359508041627,
    "auc": 0.8254249827175716
  }
}