{
  "round": 8,
  "metrics": {
    "tp": 48240.0,
    "fp": 90920.0,
    "tn": 345750.0,
    "fn": 22450.0,
    "tpr": 0.6824161833356911,
    "recall": 0.6824161833356911,
    "fpr": 0.20821215105228205,
    "spec": 0.7917878489477179,
    "ppv": 0.3466513365909744,
    "precision": 0.3466513365909744,
    "npv": 0.9390277023356871,
    "f1": 0.45975696926375986,
    "balanced_accuracy": 0.7371020161417046,
    "youden": 0.4742040322834091,
    "prevalence": 0.13932907600126143,
    "alerts_per_1000": 274.2825607064018,
    "auc": 0.8239686361651193
  }
}