{
  "round": 10,
  "metrics": {
    "tp": 48670.0,
    "fp": 91850.0,
    "tn": 344820.0,
    "fn": 22020.0,
    "tpr": 0.6884990804922902,
    "recall": 0.6884990804922902,
    "fpr": 0.21034190578697873,
    "spec": 0.7896580942130212,
    "ppv": 0.346356390549388,
    "precision": 0.346356390549388,
    "npv": 0.9399738305528296,
    "f1": 0.46086833009800676,
    "balanced_accuracy": 0.7390785873526557,
    "youden": 0.4781571747053115,
    "prevalence": 0.13932907600126143,
    "alerts_per_1000": 276.96310312204355,
    "auc": 0.8250726913889638
  }
}