{
  "round": 18,
  "metrics": {
    "tp": 47370.0,
    "fp": 87150.0,
    "tn": 349520.0,
    "fn": 23320.0,
    "tpr": 0.6701089262979205,
    "recall": 0.6701089262979205,
    "fpr": 0.19957862917076968,
    "spec": 0.8004213708292303,
    "ppv": 0.35214094558429976,
    "precision": 0.35214094558429976,
    "npv": 0.9374530629760756,
    "f1": 0.4616734077286683,
    "balanced_accuracy": 0.7352651485635754,
    "youden": 0.4705302971271508,
    "prevalence": 0.13932907600126143,
    "alerts_per_1000": 265.13718070009463,
    "auc": 0.8255301491917462
  }
}