{
  "round": 12,
  "metrics": {
    "tp": 48140.0,
    "fp": 89290.0,
    "tn": 347380.0,
    "fn": 22550.0,
    "tpr": 0.6810015560899703,
    "recall": 0.6810015560899703,
    "fpr": 0.20447935511942658,
    "spec": 0.7955206448805734,
    "ppv": 0.350287419049698,
    "precision": 0.350287419049698,
    "npv": 0.9390425215581326,
    "f1": 0.4626177205458389,
    "balanced_accuracy": 0.7382611004852718,
    "youden": 0.47652220097054365,
    "prevalence": 0.13932907600126143,
    "alerts_per_1000": 270.8727530747398,
    "auc": 0.8250762468276294
  }
}