{
  "round": 16,
  "metrics": {
    "tp": 48970.0,
    "fp": 92320.0,
    "tn": 344350.0,
    "fn": 21720.0,
    "tpr": 0.6927429622294525,
    "recall": 0.6927429622294525,
    "fpr": 0.21141823344859964,
    "spec": 0.7885817665514003,
    "ppv": 0.34659211550711305,
    "precision": 0.34659211550711305,
    "npv": 0.9406670855300898,
    "f1": 0.46202471931314276,
    "balanced_accuracy": 0.7406623643904264,
    "youden": 0.48132472878085286,
    "prevalence": 0.13932907600126143,
    "alerts_per_1000": 278.48076316619364,
    "auc": 0.8260890430927365
  }
}