{
  "round": 4,
  "metrics": {
    "tp": 47930.0,
    "fp": 90860.0,
    "tn": 345810.0,
    "fn": 22760.0,
    "tpr": 0.6780308388739568,
    "recall": 0.6780308388739568,
    "fpr": 0.2080747475210113,
    "spec": 0.7919252524789887,
    "ppv": 0.34534188342099575,
    "precision": 0.34534188342099575,
    "npv": 0.9382478226659793,
    "f1": 0.45760931831201074,
    "balanced_accuracy": 0.7349780456764727,
    "youden": 0.46995609135294547,
    "prevalence": 0.13932907600126143,
    "alerts_per_1000": 273.5532954903816,
    "auc": 0.8231556555530285
  }
}