{
  "round": 13,
  "metrics": {
    "tp": 48680.0,
    "fp": 92500.0,
    "tn": 344170.0,
    "fn": 22010.0,
    "tpr": 0.6886405432168624,
    "recall": 0.6886405432168624,
    "fpr": 0.2118304440424119,
    "spec": 0.7881695559575881,
    "ppv": 0.344808046465505,
    "precision": 0.344808046465505,
    "npv": 0.9398929488229832,
    "f1": 0.459527068485392,
    "balanced_accuracy": 0.7384050495872252,
    "youden": 0.4768100991744504,
    "prevalence": 0.13932907600126143,
    "alerts_per_1000": 278.26395458845786,
    "auc": 0.8250228083415145
  }
}