{
  "round": 20,
  "metrics": {
    "tp": 51990.0,
    "fp": 106250.0,
    "tn": 330420.0,
    "fn": 18700.0,
    "tpr": 0.7354647050502192,
    "recall": 0.7354647050502192,
    "fpr": 0.2433187532919596,
    "spec": 0.7566812467080404,
    "ppv": 0.328551567239636,
    "precision": 0.328551567239636,
    "npv": 0.9464367552703942,
    "f1": 0.45419997379111526,
    "balanced_accuracy": 0.7460729758791298,
    "youden": 0.4921459517582596,
    "prevalence": 0.13932907600126143,
    "alerts_per_1000": 311.8889940081993,
    "auc": 0.8256820773783775
  }
}