{
  "round": 6,
  "metrics": {
    "tp": 49580.0,
    "fp": 96640.0,
    "tn": 340030.0,
    "fn": 21110.0,
    "tpr": 0.7013721884283491,
    "recall": 0.7013721884283491,
    "fpr": 0.2213112877000939,
    "spec": 0.7786887122999061,
    "ppv": 0.3390781014909041,
    "precision": 0.3390781014909041,
    "npv": 0.9415462147643573,
    "f1": 0.45714812595085513,
    "balanced_accuracy": 0.7400304503641276,
    "youden": 0.48006090072825525,
    "prevalence": 0.13932907600126143,
    "alerts_per_1000": 288.197729422895,
    "auc": 0.8237810418263327
  }
}