{
  "round": 17,
  "metrics": {
    "tp": 38110.0,
    "fp": 56340.0,
    "tn": 380330.0,
    "fn": 32580.0,
    "tpr": 0.5391144433441788,
    "recall": 0.5391144433441788,
    "fpr": 0.1290219158632377,
    "spec": 0.8709780841367623,
    "ppv": 0.4034939121228163,
    "precision": 0.4034939121228163,
    "npv": 0.9210966070087913,
    "f1": 0.46154777764321187,
    "balanced_accuracy": 0.7050462637404705,
    "youden": 0.41009252748094105,
    "prevalence": 0.13932907600126143,
    "alerts_per_1000": 186.15972879217912,
    "auc": 0.8256692713200212
  }
}