{
  "round": 1,
  "metrics": {
    "tp": 54690.0,
    "fp": 124290.0,
    "tn": 312380.0,
    "fn": 16000.0,
    "tpr": 0.7736596406846796,
    "recall": 0.7736596406846796,
    "fpr": 0.2846314150273662,
    "spec": 0.7153685849726338,
    "ppv": 0.3055648675829702,
    "precision": 0.3055648675829702,
    "npv": 0.9512759607771484,
    "f1": 0.4380982897424601,
    "balanced_accuracy": 0.7445141128286568,
    "youden": 0.4890282256573135,
    "prevalence": 0.13932907600126143,
    "alerts_per_1000": 352.76726584673605,
    "auc": 0.8215436229015514
  }
}