{
  "round": 19,
  "metrics": {
    "tp": 44350.0,
    "fp": 75360.0,
    "tn": 361310.0,
    "fn": 26340.0,
    "tpr": 0.6273871834771537,
    "recall": 0.6273871834771537,
    "fpr": 0.1725788352760666,
    "spec": 0.8274211647239333,
    "ppv": 0.37047865675382174,
    "precision": 0.37047865675382174,
    "npv": 0.932052108861086,
    "f1": 0.46586134453781514,
    "balanced_accuracy": 0.7274041741005435,
    "youden": 0.45480834820108695,
    "prevalence": 0.13932907600126143,
    "alerts_per_1000": 235.94686218858405,
    "auc": 0.8261813014617957
  }
}