{
  "round": 6,
  "metrics": {
    "tp": 43240.0,
    "fp": 71550.0,
    "tn": 365120.0,
    "fn": 27450.0,
    "tpr": 0.6116848210496534,
    "recall": 0.6116848210496534,
    "fpr": 0.16385371104037375,
    "spec": 0.8361462889596263,
    "ppv": 0.37668786479658506,
    "precision": 0.37668786479658506,
    "npv": 0.9300761647604249,
    "f1": 0.46624973042915674,
    "balanced_accuracy": 0.7239155550046399,
    "youden": 0.4478311100092798,
    "prevalence": 0.13932907600126143,
    "alerts_per_1000": 226.24960580258593,
    "auc": 0.8246976063779392
  }
}