{
  "round": 19,
  "metrics": {
    "tp": 56090.0,
    "fp": 128010.0,
    "tn": 308660.0,
    "fn": 14600.0,
    "tpr": 0.7934644221247701,
    "recall": 0.7934644221247701,
    "fpr": 0.2931504339661529,
    "spec": 0.7068495660338471,
    "ppv": 0.3046713742531233,
    "precision": 0.3046713742531233,
    "npv": 0.954835117243086,
    "f1": 0.44028415557910433,
    "balanced_accuracy": 0.7501569940793086,
    "youden": 0.5003139881586172,
    "prevalence": 0.13932907600126143,
    "alerts_per_1000": 362.8587196467991,
    "auc": 0.8259077335384706
  }
}