{
  "round": 15,
  "metrics": {
    "tp": 38960.0,
    "fp": 59060.0,
    "tn": 377610.0,
    "fn": 31730.0,
    "tpr": 0.5511387749328052,
    "recall": 0.5511387749328052,
    "fpr": 0.13525087594751184,
    "spec": 0.8647491240524882,
    "ppv": 0.39746990410120386,
    "precision": 0.39746990410120386,
    "npv": 0.9224849758147261,
    "f1": 0.4618576255112323,
    "balanced_accuracy": 0.7079439494926467,
    "youden": 0.41588789898529344,
    "prevalence": 0.13932907600126143,
    "alerts_per_1000": 193.1961526332387,
    "auc": 0.8260136758919712
  }
}