{
  "round": 13,
  "metrics": {
    "tp": 41610.0,
    "fp": 66880.0,
    "tn": 369790.0,
    "fn": 29080.0,
    "tpr": 0.5886263969444051,
    "recall": 0.5886263969444051,
    "fpr": 0.15315913618980007,
    "spec": 0.8468408638102,
    "ppv": 0.38353765323992994,
    "precision": 0.38353765323992994,
    "npv": 0.9270940406648783,
    "f1": 0.46444915727201697,
    "balanced_accuracy": 0.7177336303773025,
    "youden": 0.43546726075460507,
    "prevalence": 0.13932907600126143,
    "alerts_per_1000": 213.83238725953956,
    "auc": 0.8252310776776266
  }
}