{
  "round": 16,
  "metrics": {
    "tp": 41390.0,
    "fp": 66520.0,
    "tn": 370150.0,
    "fn": 29300.0,
    "tpr": 0.5855142170038194,
    "recall": 0.5855142170038194,
    "fpr": 0.15233471500217555,
    "spec": 0.8476652849978245,
    "ppv": 0.38356037438606244,
    "precision": 0.38356037438606244,
    "npv": 0.9266491425710351,
    "f1": 0.4634938409854423,
    "balanced_accuracy": 0.7165897510008219,
    "youden": 0.4331795020016438,
    "prevalence": 0.13932907600126143,
    "alerts_per_1000": 212.68921475875118,
    "auc": 0.8254876410473699
  }
}