{
  "round": 20,
  "metrics": {
    "tp": 45410.0,
    "fp": 79760.0,
    "tn": 356910.0,
    "fn": 25280.0,
    "tpr": 0.6423822322817937,
    "recall": 0.6423822322817937,
    "fpr": 0.18265509423592186,
    "spec": 0.8173449057640781,
    "ppv": 0.36278661021011427,
    "precision": 0.36278661021011427,
    "npv": 0.93385488892959,
    "f1": 0.4636985601960583,
    "balanced_accuracy": 0.7298635690229359,
    "youden": 0.45972713804587184,
    "prevalence": 0.13932907600126143,
    "alerts_per_1000": 246.70845159255757,
    "auc": 0.8258471112844816
  }
}