{
  "round": 8,
  "metrics": {
    "tp": 42760.0,
    "fp": 70850.0,
    "tn": 365820.0,
    "fn": 27930.0,
    "tpr": 0.6048946102701938,
    "recall": 0.6048946102701938,
    "fpr": 0.16225066984221495,
    "spec": 0.8377493301577851,
    "ppv": 0.37637531907402516,
    "precision": 0.37637531907402516,
    "npv": 0.9290666666666667,
    "f1": 0.464026044492675,
    "balanced_accuracy": 0.7213219702139895,
    "youden": 0.44264394042797894,
    "prevalence": 0.13932907600126143,
    "alerts_per_1000": 223.92384105960264,
    "auc": 0.824673097338098
  }
}