{
  "round": 2,
  "metrics": {
    "tp": 64080.0,
    "fp": 202480.0,
    "tn": 234190.0,
    "fn": 6610.0,
    "tpr": 0.9064931390578582,
    "recall": 0.9064931390578582,
    "fpr": 0.46369111686170333,
    "spec": 0.5363088831382967,
    "ppv": 0.24039615846338536,
    "precision": 0.24039615846338536,
    "npv": 0.9725498338870432,
    "f1": 0.3800148257968866,
    "balanced_accuracy": 0.7214010110980775,
    "youden": 0.44280202219615505,
    "prevalence": 0.13932907600126143,
    "alerts_per_1000": 525.3863134657837,
    "auc": 0.8178544317107838
  }
}