{
  "round": 2,
  "metrics": {
    "tp": 53930.0,
    "fp": 122630.0,
    "tn": 314040.0,
    "fn": 16760.0,
    "tpr": 0.7629084736172018,
    "recall": 0.7629084736172018,
    "fpr": 0.28082991732887536,
    "spec": 0.7191700826711247,
    "ppv": 0.3054485727231536,
    "precision": 0.3054485727231536,
    "npv": 0.949334945586457,
    "f1": 0.43623862487360976,
    "balanced_accuracy": 0.7410392781441633,
    "youden": 0.4820785562883265,
    "prevalence": 0.13932907600126143,
    "alerts_per_1000": 347.99747713655,
    "auc": 0.8155865558779237
  }
}