{
  "round": 11,
  "metrics": {
    "tp": 61650.0,
    "fp": 171110.0,
    "tn": 265560.0,
    "fn": 9040.0,
    "tpr": 0.8721176969868439,
    "recall": 0.8721176969868439,
    "fpr": 0.3918519705956443,
    "spec": 0.6081480294043557,
    "ppv": 0.2648650970957209,
    "precision": 0.2648650970957209,
    "npv": 0.9670793882010197,
    "f1": 0.4063272367770638,
    "balanced_accuracy": 0.7401328631955999,
    "youden": 0.4802657263911998,
    "prevalence": 0.13932907600126143,
    "alerts_per_1000": 458.7669504888048,
    "auc": 0.8253745116864158
  }
}