{
  "round": 18,
  "metrics": {
    "tp": 61080.0,
    "fp": 165870.0,
    "tn": 270800.0,
    "fn": 9610.0,
    "tpr": 0.8640543216862356,
    "recall": 0.8640543216862356,
    "fpr": 0.3798520621979985,
    "spec": 0.6201479378020015,
    "ppv": 0.26913417052214145,
    "precision": 0.26913417052214145,
    "npv": 0.9657287543240255,
    "f1": 0.4104287058191104,
    "balanced_accuracy": 0.7421011297441186,
    "youden": 0.48420225948823714,
    "prevalence": 0.13932907600126143,
    "alerts_per_1000": 447.3155156102176,
    "auc": 0.8260794895723488
  }
}