{
  "round": 8,
  "metrics": {
    "tp": 61050.0,
    "fp": 166290.0,
    "tn": 270380.0,
    "fn": 9640.0,
    "tpr": 0.8636299335125195,
    "recall": 0.8636299335125195,
    "fpr": 0.3808138869168938,
    "spec": 0.6191861130831062,
    "ppv": 0.2685405120084455,
    "precision": 0.2685405120084455,
    "npv": 0.9655738875794586,
    "f1": 0.409690299634265,
    "balanced_accuracy": 0.7414080232978129,
    "youden": 0.4828160465956257,
    "prevalence": 0.13932907600126143,
    "alerts_per_1000": 448.08420056764425,
    "auc": 0.8241205222372148
  }
}