{
  "round": 15,
  "metrics": {
    "tp": 61210.0,
    "fp": 165290.0,
    "tn": 271380.0,
    "fn": 9480.0,
    "tpr": 0.8658933371056726,
    "recall": 0.8658933371056726,
    "fpr": 0.3785238280623812,
    "spec": 0.6214761719376187,
    "ppv": 0.27024282560706403,
    "precision": 0.27024282560706403,
    "npv": 0.9662465285195471,
    "f1": 0.4119250311248696,
    "balanced_accuracy": 0.7436847545216456,
    "youden": 0.48736950904329124,
    "prevalence": 0.13932907600126143,
    "alerts_per_1000": 446.42857142857144,
    "auc": 0.8258115925332004
  }
}