{
  "round": 16,
  "metrics": {
    "tp": 61030.0,
    "fp": 165520.0,
    "tn": 271150.0,
    "fn": 9660.0,
    "tpr": 0.8633470080633753,
    "recall": 0.8633470080633753,
    "fpr": 0.3790505415989191,
    "spec": 0.6209494584010808,
    "ppv": 0.2693886559258442,
    "precision": 0.2693886559258442,
    "npv": 0.9655995156867633,
    "f1": 0.41064459695868666,
    "balanced_accuracy": 0.742148233232228,
    "youden": 0.484296466464456,
    "prevalence": 0.13932907600126143,
    "alerts_per_1000": 446.52712078208765,
    "auc": 0.8257515728410266
  }
}