{
  "round": 13,
  "metrics": {
    "tp": 61480.0,
    "fp": 168710.0,
    "tn": 267960.0,
    "fn": 9210.0,
    "tpr": 0.8697128306691186,
    "recall": 0.8697128306691186,
    "fpr": 0.38635582934481416,
    "spec": 0.6136441706551858,
    "ppv": 0.26708371345410314,
    "precision": 0.26708371345410314,
    "npv": 0.9667712955947614,
    "f1": 0.40866790747141724,
    "balanced_accuracy": 0.7416785006621522,
    "youden": 0.4833570013243045,
    "prevalence": 0.13932907600126143,
    "alerts_per_1000": 453.70151371807,
    "auc": 0.8248633367936689
  }
}