{
  "round": 14,
  "metrics": {
    "tp": 61310.0,
    "fp": 165440.0,
    "tn": 271230.0,
    "fn": 9380.0,
    "tpr": 0.8673079643513935,
    "recall": 0.8673079643513935,
    "fpr": 0.37886733689055807,
    "spec": 0.6211326631094419,
    "ppv": 0.27038588754134507,
    "precision": 0.27038588754134507,
    "npv": 0.9665728234916788,
    "f1": 0.41225121032813333,
    "balanced_accuracy": 0.7442203137304177,
    "youden": 0.4884406274608355,
    "prevalence": 0.13932907600126143,
    "alerts_per_1000": 446.9213181961526,
    "auc": 0.8259437981589232
  }
}