{
  "round": 16,
  "metrics": {
    "tp": 61110.0,
    "fp": 164290.0,
    "tn": 272380.0,
    "fn": 9580.0,
    "tpr": 0.8644787098599519,
    "recall": 0.8644787098599519,
    "fpr": 0.37623376920786866,
    "spec": 0.6237662307921313,
    "ppv": 0.2711180124223602,
    "precision": 0.2711180124223602,
    "npv": 0.9660235494396369,
    "f1": 0.41277989800398524,
    "balanced_accuracy": 0.7441224703260416,
    "youden": 0.48824494065208324,
    "prevalence": 0.13932907600126143,
    "alerts_per_1000": 444.26048565121414,
    "auc": 0.8261113621767343
  }
}