{
  "round": 7,
  "metrics": {
    "tp": 60850.0,
    "fp": 163550.0,
    "tn": 273120.0,
    "fn": 9840.0,
    "tpr": 0.8608006790210779,
    "recall": 0.8608006790210779,
    "fpr": 0.3745391256555293,
    "spec": 0.6254608743444707,
    "ppv": 0.2711675579322638,
    "precision": 0.2711675579322638,
    "npv": 0.9652247667514843,
    "f1": 0.41241655088278156,
    "balanced_accuracy": 0.7431307766827744,
    "youden": 0.48626155336554877,
    "prevalence": 0.13932907600126143,
    "alerts_per_1000": 442.2894985808893,
    "auc": 0.8239641817431006
  }
}