{
  "round": 20,
  "metrics": {
    "tp": 61490.0,
    "fp": 166870.0,
    "tn": 269800.0,
    "fn": 9200.0,
    "tpr": 0.8698542933936908,
    "recall": 0.8698542933936908,
    "fpr": 0.38214212105251105,
    "spec": 0.6178578789474889,
    "ppv": 0.26926782273603084,
    "precision": 0.26926782273603084,
    "npv": 0.9670250896057347,
    "f1": 0.4112355793345595,
    "balanced_accuracy": 0.7438560861705898,
    "youden": 0.4877121723411797,
    "prevalence": 0.13932907600126143,
    "alerts_per_1000": 450.0946073793756,
    "auc": 0.8266892059988866
  }
}