{
  "round": 4,
  "metrics": {
    "tp": 51920.0,
    "fp": 107340.0,
    "tn": 329330.0,
    "fn": 18770.0,
    "tpr": 0.7344744659782148,
    "recall": 0.7344744659782148,
    "fpr": 0.2458149174433783,
    "spec": 0.7541850825566216,
    "ppv": 0.3260077860102976,
    "precision": 0.3260077860102976,
    "npv": 0.9460787130135019,
    "f1": 0.45157642965862144,
    "balanced_accuracy": 0.7443297742674182,
    "youden": 0.4886595485348364,
    "prevalence": 0.13932907600126143,
    "alerts_per_1000": 313.89940081993063,
    "auc": 0.8230097497449665
  }
}