{
  "round": 3,
  "metrics": {
    "tp": 55440.0,
    "fp": 128230.0,
    "tn": 308440.0,
    "fn": 15250.0,
    "tpr": 0.7842693450275853,
    "recall": 0.7842693450275853,
    "fpr": 0.2936542469141457,
    "spec": 0.7063457530858543,
    "ppv": 0.3018457015299178,
    "precision": 0.3018457015299178,
    "npv": 0.9528870215329482,
    "f1": 0.4359175971064633,
    "balanced_accuracy": 0.7453075490567198,
    "youden": 0.4906150981134396,
    "prevalence": 0.13932907600126143,
    "alerts_per_1000": 362.0111952065594,
    "auc": 0.8211708266535495
  }
}