{
  "round": 6,
  "metrics": {
    "tp": 55770.0,
    "fp": 127380.0,
    "tn": 309290.0,
    "fn": 14920.0,
    "tpr": 0.7889376149384637,
    "recall": 0.7889376149384637,
    "fpr": 0.29170769688781,
    "spec": 0.7082923031121899,
    "ppv": 0.3045045045045045,
    "precision": 0.3045045045045045,
    "npv": 0.9539804447734493,
    "f1": 0.43941065237945165,
    "balanced_accuracy": 0.7486149590253268,
    "youden": 0.49722991805065364,
    "prevalence": 0.13932907600126143,
    "alerts_per_1000": 360.9862819299905,
    "auc": 0.8242720211795423
  }
}