{
  "round": 19,
  "metrics": {
    "tp": 56250.0,
    "fp": 129050.0,
    "tn": 307620.0,
    "fn": 14440.0,
    "tpr": 0.7957278257179233,
    "recall": 0.7957278257179233,
    "fpr": 0.295532095174846,
    "spec": 0.704467904825154,
    "ppv": 0.3035617916891527,
    "precision": 0.3035617916891527,
    "npv": 0.9551636341054461,
    "f1": 0.4394702918082737,
    "balanced_accuracy": 0.7500978652715387,
    "youden": 0.5001957305430773,
    "prevalence": 0.13932907600126143,
    "alerts_per_1000": 365.2239041311889,
    "auc": 0.8256201819695861
  }
}