{
  "round": 19,
  "metrics": {
    "tp": 50680.0,
    "fp": 100120.0,
    "tn": 336550.0,
    "fn": 20010.0,
    "tpr": 0.7169330881312774,
    "recall": 0.7169330881312774,
    "fpr": 0.2292806925137976,
    "spec": 0.7707193074862024,
    "ppv": 0.33607427055702915,
    "precision": 0.33607427055702915,
    "npv": 0.9438804128337447,
    "f1": 0.4576278838773759,
    "balanced_accuracy": 0.7438261978087399,
    "youden": 0.48765239561747986,
    "prevalence": 0.13932907600126143,
    "alerts_per_1000": 297.22485020498266,
    "auc": 0.8259834214576207
  }
}