{
  "round": 5,
  "metrics": {
    "tp": 54370.0,
    "fp": 121280.0,
    "tn": 315390.0,
    "fn": 16320.0,
    "tpr": 0.7691328334983731,
    "recall": 0.7691328334983731,
    "fpr": 0.2777383378752834,
    "spec": 0.7222616621247167,
    "ppv": 0.3095360091090236,
    "precision": 0.3095360091090236,
    "npv": 0.9508003979379579,
    "f1": 0.4414224242916295,
    "balanced_accuracy": 0.7456972478115449,
    "youden": 0.4913944956230898,
    "prevalence": 0.13932907600126143,
    "alerts_per_1000": 346.2038789025544,
    "auc": 0.8231064673954143
  }
}