{
  "round": 12,
  "metrics": {
    "tp": 55460.0,
    "fp": 124900.0,
    "tn": 311770.0,
    "fn": 15230.0,
    "tpr": 0.7845522704767294,
    "recall": 0.7845522704767294,
    "fpr": 0.2860283509286189,
    "spec": 0.7139716490713811,
    "ppv": 0.30749611887336437,
    "precision": 0.30749611887336437,
    "npv": 0.9534250764525994,
    "f1": 0.44182433778131847,
    "balanced_accuracy": 0.7492619597740553,
    "youden": 0.4985239195481106,
    "prevalence": 0.13932907600126143,
    "alerts_per_1000": 355.4872280037843,
    "auc": 0.8255281406523631
  }
}