{
  "round": 14,
  "metrics": {
    "tp": 54770.0,
    "fp": 121100.0,
    "tn": 315570.0,
    "fn": 15920.0,
    "tpr": 0.7747913424812561,
    "recall": 0.7747913424812561,
    "fpr": 0.27732612728147116,
    "spec": 0.7226738727185289,
    "ppv": 0.31142321032580883,
    "precision": 0.31142321032580883,
    "npv": 0.9519744185344957,
    "f1": 0.44427319922128483,
    "balanced_accuracy": 0.7487326075998926,
    "youden": 0.49746521519978515,
    "prevalence": 0.13932907600126143,
    "alerts_per_1000": 346.6374960580259,
    "auc": 0.825287551649874
  }
}