{
  "round": 6,
  "metrics": {
    "tp": 54650.0,
    "fp": 120120.0,
    "tn": 316550.0,
    "fn": 16040.0,
    "tpr": 0.7730937897863913,
    "recall": 0.7730937897863913,
    "fpr": 0.27508186960404885,
    "spec": 0.7249181303959511,
    "ppv": 0.3126966870744407,
    "precision": 0.3126966870744407,
    "npv": 0.9517724525692294,
    "f1": 0.4452864010429398,
    "balanced_accuracy": 0.7490059600911712,
    "youden": 0.4980119201823423,
    "prevalence": 0.13932907600126143,
    "alerts_per_1000": 344.46941028066857,
    "auc": 0.8236637431263693
  }
}