{
  "round": 6,
  "metrics": {
    "tp": 55370.0,
    "fp": 125590.0,
    "tn": 311080.0,
    "fn": 15320.0,
    "tpr": 0.7832791059555807,
    "recall": 0.7832791059555807,
    "fpr": 0.28760849153823254,
    "spec": 0.7123915084617675,
    "ppv": 0.30597922192749777,
    "precision": 0.30597922192749777,
    "npv": 0.953063725490196,
    "f1": 0.44005563282336574,
    "balanced_accuracy": 0.7478353072086741,
    "youden": 0.49567061441734817,
    "prevalence": 0.13932907600126143,
    "alerts_per_1000": 356.6698202459792,
    "auc": 0.8237540933830152
  }
}