{
  "round": 13,
  "metrics": {
    "tp": 53210.0,
    "fp": 116730.0,
    "tn": 319940.0,
    "fn": 17480.0,
    "tpr": 0.7527231574480124,
    "recall": 0.7527231574480124,
    "fpr": 0.26731857008725124,
    "spec": 0.7326814299127488,
    "ppv": 0.31311050959162057,
    "precision": 0.31311050959162057,
    "npv": 0.9481951277339814,
    "f1": 0.44225574533516193,
    "balanced_accuracy": 0.7427022936803807,
    "youden": 0.4854045873607613,
    "prevalence": 0.13932907600126143,
    "alerts_per_1000": 334.94954273099967,
    "auc": 0.8221751319803939
  }
}