{
  "round": 7,
  "metrics": {
    "tp": 54250.0,
    "fp": 120680.0,
    "tn": 315990.0,
    "fn": 16440.0,
    "tpr": 0.7674352808035083,
    "recall": 0.7674352808035083,
    "fpr": 0.2763643025625759,
    "spec": 0.7236356974374241,
    "ppv": 0.31012404961984796,
    "precision": 0.31012404961984796,
    "npv": 0.9505459796047289,
    "f1": 0.4417392720462504,
    "balanced_accuracy": 0.7455354891204662,
    "youden": 0.4910709782409324,
    "prevalence": 0.13932907600126143,
    "alerts_per_1000": 344.78476821192055,
    "auc": 0.822490914866137
  }
}