{
  "round": 9,
  "metrics": {
    "tp": 54340.0,
    "fp": 119560.0,
    "tn": 317110.0,
    "fn": 16350.0,
    "tpr": 0.768708445324657,
    "recall": 0.768708445324657,
    "fpr": 0.2737994366455218,
    "spec": 0.7262005633544781,
    "ppv": 0.3124784358826912,
    "precision": 0.3124784358826912,
    "npv": 0.9509686319198705,
    "f1": 0.44433541845537433,
    "balanced_accuracy": 0.7474545043395675,
    "youden": 0.494909008679135,
    "prevalence": 0.13932907600126143,
    "alerts_per_1000": 342.75465152948595,
    "auc": 0.822884225752272
  }
}