{
  "round": 2,
  "metrics": {
    "tp": 53650.0,
    "fp": 119140.0,
    "tn": 317530.0,
    "fn": 17040.0,
    "tpr": 0.7589475173291838,
    "recall": 0.7589475173291838,
    "fpr": 0.27283761192662653,
    "spec": 0.7271623880733735,
    "ppv": 0.31049250535331907,
    "precision": 0.31049250535331907,
    "npv": 0.9490689541799923,
    "f1": 0.44069328076228037,
    "balanced_accuracy": 0.7430549527012786,
    "youden": 0.4861099054025573,
    "prevalence": 0.13932907600126143,
    "alerts_per_1000": 340.56685588142545,
    "auc": 0.8194724365273454
  }
}