{
  "round": 12,
  "metrics": {
    "tp": 55730.0,
    "fp": 128530.0,
    "tn": 308140.0,
    "fn": 14960.0,
    "tpr": 0.7883717640401754,
    "recall": 0.7883717640401754,
    "fpr": 0.2943412645704995,
    "spec": 0.7056587354295005,
    "ppv": 0.30245305546510365,
    "precision": 0.30245305546510365,
    "npv": 0.9536985453419994,
    "f1": 0.437183761521867,
    "balanced_accuracy": 0.7470152497348379,
    "youden": 0.4940304994696758,
    "prevalence": 0.13932907600126143,
    "alerts_per_1000": 363.1740775780511,
    "auc": 0.8229386539299699
  }
}