{
  "round": 30,
  "metrics": {
    "tp": 53150.0,
    "fp": 115090.0,
    "tn": 321580.0,
    "fn": 17540.0,
    "tpr": 0.75187438110058,
    "recall": 0.75187438110058,
    "fpr": 0.2635628735658506,
    "spec": 0.7364371264341494,
    "ppv": 0.3159177365668093,
    "precision": 0.3159177365668093,
    "npv": 0.948277895730125,
    "f1": 0.44490017996902853,
    "balanced_accuracy": 0.7441557537673646,
    "youden": 0.4883115075347293,
    "prevalence": 0.13932907600126143,
    "alerts_per_1000": 331.5988647114475,
    "auc": 0.821780164049268
  }
}