{
  "round": 22,
  "metrics": {
    "tp": 53220.0,
    "fp": 116840.0,
    "tn": 319830.0,
    "fn": 17470.0,
    "tpr": 0.7528646201725845,
    "recall": 0.7528646201725845,
    "fpr": 0.2675704765612476,
    "spec": 0.7324295234387523,
    "ppv": 0.3129483711631189,
    "precision": 0.3129483711631189,
    "npv": 0.9482063445004447,
    "f1": 0.44211838006230525,
    "balanced_accuracy": 0.7426470718056684,
    "youden": 0.4852941436113367,
    "prevalence": 0.13932907600126143,
    "alerts_per_1000": 335.18606117943864,
    "auc": 0.8208092555490347
  }
}