{
  "round": 27,
  "metrics": {
    "tp": 53040.0,
    "fp": 114650.0,
    "tn": 322020.0,
    "fn": 17650.0,
    "tpr": 0.7503182911302871,
    "recall": 0.7503182911302871,
    "fpr": 0.2625552476698651,
    "spec": 0.7374447523301348,
    "ppv": 0.3162979307054684,
    "precision": 0.3162979307054684,
    "npv": 0.9480378013954721,
    "f1": 0.44500377548452047,
    "balanced_accuracy": 0.743881521730211,
    "youden": 0.4877630434604221,
    "prevalence": 0.13932907600126143,
    "alerts_per_1000": 330.51482182276885,
    "auc": 0.8202895880982356
  }
}