{
  "round": 7,
  "metrics": {
    "tp": 42810.0,
    "fp": 70800.0,
    "tn": 365870.0,
    "fn": 27880.0,
    "tpr": 0.6056019238930542,
    "recall": 0.6056019238930542,
    "fpr": 0.16213616689948931,
    "spec": 0.8378638331005107,
    "ppv": 0.3768154211777132,
    "precision": 0.3768154211777132,
    "npv": 0.9291936507936508,
    "f1": 0.46456863809007054,
    "balanced_accuracy": 0.7217328784967825,
    "youden": 0.44346575699356494,
    "prevalence": 0.13932907600126143,
    "alerts_per_1000": 223.92384105960264,
    "auc": 0.825119973053954
  }
}