{
  "round": 7,
  "metrics": {
    "tp": 41600.0,
    "fp": 67260.0,
    "tn": 369410.0,
    "fn": 29090.0,
    "tpr": 0.5884849342198331,
    "recall": 0.5884849342198331,
    "fpr": 0.15402935855451486,
    "spec": 0.8459706414454852,
    "ppv": 0.38214220099209995,
    "precision": 0.38214220099209995,
    "npv": 0.9270012547051443,
    "f1": 0.4633806739069897,
    "balanced_accuracy": 0.7172277878326592,
    "youden": 0.43445557566531834,
    "prevalence": 0.13932907600126143,
    "alerts_per_1000": 214.56165247555975,
    "auc": 0.825166146782704
  }
}