{
  "round": 7,
  "metrics": {
    "tp": 55990.0,
    "fp": 128830.0,
    "tn": 307840.0,
    "fn": 14700.0,
    "tpr": 0.7920497948790494,
    "recall": 0.7920497948790494,
    "fpr": 0.29502828222685323,
    "spec": 0.7049717177731467,
    "ppv": 0.3029434043934639,
    "precision": 0.3029434043934639,
    "npv": 0.9544242574564396,
    "f1": 0.4382607334350906,
    "balanced_accuracy": 0.748510756326098,
    "youden": 0.49702151265219596,
    "prevalence": 0.13932907600126143,
    "alerts_per_1000": 364.277830337433,
    "auc": 0.8239132069573096
  }
}