{
  "round": 19,
  "metrics": {
    "tp": 55380.0,
    "fp": 125000.0,
    "tn": 311670.0,
    "fn": 15310.0,
    "tpr": 0.7834205686801528,
    "recall": 0.7834205686801528,
    "fpr": 0.2862573568140701,
    "spec": 0.71374264318593,
    "ppv": 0.30701851646524003,
    "precision": 0.30701851646524003,
    "npv": 0.9531775643770262,
    "f1": 0.44115186999641526,
    "balanced_accuracy": 0.7485816059330413,
    "youden": 0.4971632118660827,
    "prevalence": 0.13932907600126143,
    "alerts_per_1000": 355.52664774519076,
    "auc": 0.8254201249678864
  }
}