{
  "round": 4,
  "metrics": {
    "tp": 43470.0,
    "fp": 74330.0,
    "tn": 362340.0,
    "fn": 27220.0,
    "tpr": 0.6149384637148112,
    "recall": 0.6149384637148112,
    "fpr": 0.17022007465591865,
    "spec": 0.8297799253440814,
    "ppv": 0.3690152801358234,
    "precision": 0.3690152801358234,
    "npv": 0.9301262963343259,
    "f1": 0.46124462836224733,
    "balanced_accuracy": 0.7223591945294463,
    "youden": 0.4447183890588926,
    "prevalence": 0.13932907600126143,
    "alerts_per_1000": 232.18227688426362,
    "auc": 0.8222455183274473
  }
}