{
  "round": 2,
  "metrics": {
    "tp": 44310.0,
    "fp": 77770.0,
    "tn": 358900.0,
    "fn": 26380.0,
    "tpr": 0.6268213325788655,
    "recall": 0.6268213325788655,
    "fpr": 0.17809787711544187,
    "spec": 0.8219021228845581,
    "ppv": 0.36295871559633025,
    "precision": 0.36295871559633025,
    "npv": 0.931530315614618,
    "f1": 0.4597188359184521,
    "balanced_accuracy": 0.7243617277317118,
    "youden": 0.4487234554634236,
    "prevalence": 0.13932907600126143,
    "alerts_per_1000": 240.61810154525386,
    "auc": 0.8212796651912571
  }
}