{
  "round": 2,
  "metrics": {
    "tp": 46380.0,
    "fp": 86290.0,
    "tn": 350380.0,
    "fn": 24310.0,
    "tpr": 0.656104116565285,
    "recall": 0.656104116565285,
    "fpr": 0.1976091785558889,
    "spec": 0.8023908214441111,
    "ppv": 0.3495892063013492,
    "precision": 0.3495892063013492,
    "npv": 0.9351196989511329,
    "f1": 0.4561369000786782,
    "balanced_accuracy": 0.7292474690046981,
    "youden": 0.4584949380093961,
    "prevalence": 0.13932907600126143,
    "alerts_per_1000": 261.49085461999374,
    "auc": 0.8204942112874515
  }
}