{
  "round": 8,
  "metrics": {
    "tp": 42540.0,
    "fp": 70870.0,
    "tn": 365800.0,
    "fn": 28150.0,
    "tpr": 0.6017824303296081,
    "recall": 0.6017824303296081,
    "fpr": 0.1622964710193052,
    "spec": 0.8377035289806948,
    "ppv": 0.3750991976016224,
    "precision": 0.3750991976016224,
    "npv": 0.9285442315014596,
    "f1": 0.4621401412275937,
    "balanced_accuracy": 0.7197429796551514,
    "youden": 0.4394859593103029,
    "prevalence": 0.13932907600126143,
    "alerts_per_1000": 223.52964364553767,
    "auc": 0.8246165893502646
  }
}