{
  "round": 20,
  "metrics": {
    "tp": 55070.0,
    "fp": 123060.0,
    "tn": 313610.0,
    "fn": 15620.0,
    "tpr": 0.7790352242184184,
    "recall": 0.7790352242184184,
    "fpr": 0.2818146426363157,
    "spec": 0.7181853573636843,
    "ppv": 0.3091562342109695,
    "precision": 0.3091562342109695,
    "npv": 0.9525559639158035,
    "f1": 0.4426493047182702,
    "balanced_accuracy": 0.7486102907910513,
    "youden": 0.4972205815821027,
    "prevalence": 0.13932907600126143,
    "alerts_per_1000": 351.09192683695994,
    "auc": 0.8261759998896987
  }
}