{
  "round": 11,
  "metrics": {
    "tp": 42250.0,
    "fp": 69020.0,
    "tn": 367650.0,
    "fn": 28440.0,
    "tpr": 0.597680011317018,
    "recall": 0.597680011317018,
    "fpr": 0.15805986213845696,
    "spec": 0.841940137861543,
    "ppv": 0.37970701896288306,
    "precision": 0.37970701896288306,
    "npv": 0.9281981367870938,
    "f1": 0.46438777753352384,
    "balanced_accuracy": 0.7198100745892805,
    "youden": 0.43962014917856096,
    "prevalence": 0.13932907600126143,
    "alerts_per_1000": 219.31173131504258,
    "auc": 0.8249582742950988
  }
}