{
  "round": 3,
  "metrics": {
    "tp": 55380.0,
    "fp": 126100.0,
    "tn": 310570.0,
    "fn": 15310.0,
    "tpr": 0.7834205686801528,
    "recall": 0.7834205686801528,
    "fpr": 0.28877642155403394,
    "spec": 0.7112235784459661,
    "ppv": 0.30515759312320917,
    "precision": 0.30515759312320917,
    "npv": 0.9530195163863999,
    "f1": 0.4392275052543919,
    "balanced_accuracy": 0.7473220735630595,
    "youden": 0.4946441471261189,
    "prevalence": 0.13932907600126143,
    "alerts_per_1000": 357.6947335225481,
    "auc": 0.8228552088373479
  }
}