{
  "round": 8,
  "metrics": {
    "tp": 56280.0,
    "fp": 129650.0,
    "tn": 307020.0,
    "fn": 14410.0,
    "tpr": 0.7961522138916396,
    "recall": 0.7961522138916396,
    "fpr": 0.29690613048755354,
    "spec": 0.7030938695124465,
    "ppv": 0.3026945624697467,
    "precision": 0.3026945624697467,
    "npv": 0.9551690881373861,
    "f1": 0.4386252045826514,
    "balanced_accuracy": 0.7496230417020431,
    "youden": 0.49924608340408616,
    "prevalence": 0.13932907600126143,
    "alerts_per_1000": 366.46562598549355,
    "auc": 0.8252056032430499
  }
}