{
  "round": 9,
  "metrics": {
    "tp": 55850.0,
    "fp": 127230.0,
    "tn": 309440.0,
    "fn": 14840.0,
    "tpr": 0.7900693167350403,
    "recall": 0.7900693167350403,
    "fpr": 0.29136418805963316,
    "spec": 0.7086358119403668,
    "ppv": 0.3050578981865851,
    "precision": 0.3050578981865851,
    "npv": 0.9542370790674726,
    "f1": 0.4401623517358238,
    "balanced_accuracy": 0.7493525643377036,
    "youden": 0.49870512867540717,
    "prevalence": 0.13932907600126143,
    "alerts_per_1000": 360.8483128350678,
    "auc": 0.8252461741187953
  }
}