{
  "round": 3,
  "metrics": {
    "tp": 55940.0,
    "fp": 128070.0,
    "tn": 308600.0,
    "fn": 14750.0,
    "tpr": 0.791342481256189,
    "recall": 0.791342481256189,
    "fpr": 0.2932878374974237,
    "spec": 0.7067121625025763,
    "ppv": 0.3040052171077659,
    "precision": 0.3040052171077659,
    "npv": 0.9543837946497603,
    "f1": 0.4392618767177071,
    "balanced_accuracy": 0.7490273218793826,
    "youden": 0.4980546437587652,
    "prevalence": 0.13932907600126143,
    "alerts_per_1000": 362.6813308104699,
    "auc": 0.8232066578752465
  }
}