{
  "round": 13,
  "metrics": {
    "tp": 55740.0,
    "fp": 127860.0,
    "tn": 308810.0,
    "fn": 14950.0,
    "tpr": 0.7885132267647474,
    "recall": 0.7885132267647474,
    "fpr": 0.29280692513797607,
    "spec": 0.7071930748620239,
    "ppv": 0.30359477124183004,
    "precision": 0.30359477124183004,
    "npv": 0.9538238201136644,
    "f1": 0.4383971056667584,
    "balanced_accuracy": 0.7478531508133857,
    "youden": 0.4957063016267713,
    "prevalence": 0.13932907600126143,
    "alerts_per_1000": 361.8732261116367,
    "auc": 0.8252330635399523
  }
}