{
  "round": 7,
  "metrics": {
    "tp": 54150.0,
    "fp": 118760.0,
    "tn": 317910.0,
    "fn": 16540.0,
    "tpr": 0.7660206535577875,
    "recall": 0.7660206535577875,
    "fpr": 0.27196738956191174,
    "spec": 0.7280326104380883,
    "ppv": 0.3131687004800185,
    "precision": 0.3131687004800185,
    "npv": 0.950545671998804,
    "f1": 0.4445812807881774,
    "balanced_accuracy": 0.747026631997938,
    "youden": 0.4940532639958759,
    "prevalence": 0.13932907600126143,
    "alerts_per_1000": 340.8033743298644,
    "auc": 0.8253822380838808
  }
}