{
  "round": 10,
  "metrics": {
    "tp": 53410.0,
    "fp": 114530.0,
    "tn": 322140.0,
    "fn": 17280.0,
    "tpr": 0.755552411939454,
    "recall": 0.755552411939454,
    "fpr": 0.2622804406073236,
    "spec": 0.7377195593926764,
    "ppv": 0.3180302488984161,
    "precision": 0.3180302488984161,
    "npv": 0.9490896234753403,
    "f1": 0.4476386036960986,
    "balanced_accuracy": 0.7466359856660651,
    "youden": 0.4932719713321303,
    "prevalence": 0.13932907600126143,
    "alerts_per_1000": 331.00756859035005,
    "auc": 0.8251964838263354
  }
}