{
  "round": 19,
  "metrics": {
    "tp": 55860.0,
    "fp": 126720.0,
    "tn": 309950.0,
    "fn": 14830.0,
    "tpr": 0.7902107794596124,
    "recall": 0.7902107794596124,
    "fpr": 0.2901962580438317,
    "spec": 0.7098037419561682,
    "ppv": 0.3059480775550444,
    "precision": 0.3059480775550444,
    "npv": 0.9543383213252048,
    "f1": 0.44111027756939236,
    "balanced_accuracy": 0.7500072607078903,
    "youden": 0.5000145214157805,
    "prevalence": 0.13932907600126143,
    "alerts_per_1000": 359.86281929990537,
    "auc": 0.8262252512191163
  }
}