{
  "round": 13,
  "metrics": {
    "tp": 56130.0,
    "fp": 127200.0,
    "tn": 309470.0,
    "fn": 14560.0,
    "tpr": 0.7940302730230584,
    "recall": 0.7940302730230584,
    "fpr": 0.29129548629399776,
    "spec": 0.7087045137060022,
    "ppv": 0.3061692030764196,
    "precision": 0.3061692030764196,
    "npv": 0.9550658889608987,
    "f1": 0.441933706007401,
    "balanced_accuracy": 0.7513673933645303,
    "youden": 0.5027347867290606,
    "prevalence": 0.13932907600126143,
    "alerts_per_1000": 361.341059602649,
    "auc": 0.8259323462448604
  }
}