{
  "round": 16,
  "metrics": {
    "tp": 52320.0,
    "fp": 107920.0,
    "tn": 328750.0,
    "fn": 18370.0,
    "tpr": 0.7401329749610978,
    "recall": 0.7401329749610978,
    "fpr": 0.24714315157899558,
    "spec": 0.7528568484210044,
    "ppv": 0.326510234648028,
    "precision": 0.326510234648028,
    "npv": 0.9470788200046094,
    "f1": 0.4531243233880397,
    "balanced_accuracy": 0.7464949116910511,
    "youden": 0.4929898233821022,
    "prevalence": 0.13932907600126143,
    "alerts_per_1000": 315.8309681488489,
    "auc": 0.8260465138910925
  }
}