,,recall,recall,recall,spec,spec,spec,f1,f1,f1,precision,precision,precision,npv,npv,npv,balanced_accuracy,balanced_accuracy,balanced_accuracy,youden,youden,youden,alerts_per_1000,alerts_per_1000,alerts_per_1000,auc,auc,auc
,,mean,std,count,mean,std,count,mean,std,count,mean,std,count,mean,std,count,mean,std,count,mean,std,count,mean,std,count,mean,std,count
alpha,threshold,,,,,,,,,,,,,,,,,,,,,,,,,,,
0.3,0.35,0.7667986985429339,0.015097349288735129,10,0.7232967687269563,0.012401141760236083,10,0.4412589107967492,0.003140847771597711,10,0.3098651666390646,0.005465031935698125,10,0.9504341503957414,0.0022449800624742,10,0.745047733634945,0.0016241700220655157,10,0.49009546726989023,0.003248340044131029,10,344.987779880164,12.761390152365466,10,0.8224162896910909,0.0003990137992572636,10
0.3,0.42,0.708798981468383,0.019603606771164513,10,0.7694643552339295,0.013930887275278745,10,0.45257714875118893,0.0031859449156961305,10,0.3326540184121438,0.0075662536490842215,10,0.9423217317333459,0.002671690033479012,10,0.7391316683511564,0.0030667728785350444,10,0.47826333670231264,0.006133545757070175,10,297.1716335540839,14.699086162393685,10,0.8222646972868904,0.001151256104989224,10
0.3,0.5,0.622775498656104,0.06499959314499479,10,0.8205899191609225,0.043161797207320066,10,0.45677353827827166,0.0076409282245106305,10,0.3640990004937008,0.025404761515267382,10,0.9312029346422459,0.008559878804955637,10,0.7216827089085133,0.011350172013155389,10,0.4433654178170265,0.022700344026310788,10,241.1837748344371,46.15455844247653,10,0.8219694708298577,0.0017180406289625917,10
