{
  "round": 14,
  "metrics": {
    "tp": 46240.0,
    "fp": 85520.0,
    "tn": 351150.0,
    "fn": 24450.0,
    "tpr": 0.654123638421276,
    "recall": 0.654123638421276,
    "fpr": 0.1958458332379142,
    "spec": 0.8041541667620857,
    "ppv": 0.3509411050394657,
    "precision": 0.3509411050394657,
    "npv": 0.9349041533546326,
    "f1": 0.45680414917263523,
    "balanced_accuracy": 0.7291389025916808,
    "youden": 0.4582778051833616,
    "prevalence": 0.13932907600126143,
    "alerts_per_1000": 259.6972563859981,
    "auc": 0.8231690917096263
  }
}