{
  "round": 8,
  "metrics": {
    "tp": 42200.0,
    "fp": 70380.0,
    "tn": 366290.0,
    "fn": 28490.0,
    "tpr": 0.5969726976941576,
    "recall": 0.5969726976941576,
    "fpr": 0.16117434218059404,
    "spec": 0.838825657819406,
    "ppv": 0.37484455498312313,
    "precision": 0.37484455498312313,
    "npv": 0.9278332235675566,
    "f1": 0.46052272603262945,
    "balanced_accuracy": 0.7178991777567818,
    "youden": 0.4357983555135636,
    "prevalence": 0.13932907600126143,
    "alerts_per_1000": 221.8937243771681,
    "auc": 0.8223826545933968
  }
}