{
  "round": 13,
  "metrics": {
    "tp": 37970.0,
    "fp": 58050.0,
    "tn": 378620.0,
    "fn": 32720.0,
    "tpr": 0.5371339652001698,
    "recall": 0.5371339652001698,
    "fpr": 0.13293791650445416,
    "spec": 0.8670620834955458,
    "ppv": 0.3954384503228494,
    "precision": 0.3954384503228494,
    "npv": 0.9204550979724802,
    "f1": 0.45552156439325775,
    "balanced_accuracy": 0.7020980243478578,
    "youden": 0.4041960486957157,
    "prevalence": 0.13932907600126143,
    "alerts_per_1000": 189.25417849258906,
    "auc": 0.8219891882074388
  }
}