{
  "round": 3,
  "metrics": {
    "tp": 55300.0,
    "fp": 126520.0,
    "tn": 310150.0,
    "fn": 15390.0,
    "tpr": 0.7822888668835761,
    "recall": 0.7822888668835761,
    "fpr": 0.2897382462729292,
    "spec": 0.7102617537270708,
    "ppv": 0.3041469585304147,
    "precision": 0.3041469585304147,
    "npv": 0.9527247035694538,
    "f1": 0.43800245534830307,
    "balanced_accuracy": 0.7462753103053235,
    "youden": 0.4925506206106469,
    "prevalence": 0.13932907600126143,
    "alerts_per_1000": 358.36486912645853,
    "auc": 0.822711041063768
  }
}