{
  "round": 15,
  "metrics": {
    "tp": 44920.0,
    "fp": 80030.0,
    "tn": 356640.0,
    "fn": 25770.0,
    "tpr": 0.635450558777762,
    "recall": 0.635450558777762,
    "fpr": 0.18327341012664025,
    "spec": 0.8167265898733598,
    "ppv": 0.35950380152060823,
    "precision": 0.35950380152060823,
    "npv": 0.932611594885071,
    "f1": 0.4592107953383766,
    "balanced_accuracy": 0.726088574325561,
    "youden": 0.4521771486511219,
    "prevalence": 0.13932907600126143,
    "alerts_per_1000": 246.2748344370861,
    "auc": 0.8222302177927606
  }
}