{
  "round": 12,
  "metrics": {
    "tp": 43060.0,
    "fp": 71950.0,
    "tn": 364720.0,
    "fn": 27630.0,
    "tpr": 0.609138492007356,
    "recall": 0.609138492007356,
    "fpr": 0.16476973458217875,
    "spec": 0.8352302654178212,
    "ppv": 0.37440222589340055,
    "precision": 0.37440222589340055,
    "npv": 0.929578182744998,
    "f1": 0.46375875067312866,
    "balanced_accuracy": 0.7221843787125886,
    "youden": 0.4443687574251771,
    "prevalence": 0.13932907600126143,
    "alerts_per_1000": 226.6832229580574,
    "auc": 0.822372827328529
  }
}