{
  "round": 4,
  "metrics": {
    "tp": 42010.0,
    "fp": 69580.0,
    "tn": 367090.0,
    "fn": 28680.0,
    "tpr": 0.5942849059272881,
    "recall": 0.5942849059272881,
    "fpr": 0.159342295096984,
    "spec": 0.840657704903016,
    "ppv": 0.37646742539654093,
    "precision": 0.37646742539654093,
    "npv": 0.927533668544862,
    "f1": 0.46093921439543556,
    "balanced_accuracy": 0.717471305415152,
    "youden": 0.43494261083030406,
    "prevalence": 0.13932907600126143,
    "alerts_per_1000": 219.9424471775465,
    "auc": 0.8227648310442749
  }
}