{
  "round": 2,
  "metrics": {
    "tp": 45160.0,
    "fp": 84240.0,
    "tn": 352430.0,
    "fn": 25530.0,
    "tpr": 0.6388456641674919,
    "recall": 0.6388456641674919,
    "fpr": 0.19291455790413814,
    "spec": 0.8070854420958619,
    "ppv": 0.3489953632148377,
    "precision": 0.3489953632148377,
    "npv": 0.9324531696475817,
    "f1": 0.4513968714078665,
    "balanced_accuracy": 0.7229655531316769,
    "youden": 0.44593110626335375,
    "prevalence": 0.13932907600126143,
    "alerts_per_1000": 255.04572690003153,
    "auc": 0.8172927760681418
  }
}