{
  "round": 12,
  "metrics": {
    "tp": 41710.0,
    "fp": 67280.0,
    "tn": 369390.0,
    "fn": 28980.0,
    "tpr": 0.5900410241901259,
    "recall": 0.5900410241901259,
    "fpr": 0.1540751597316051,
    "spec": 0.8459248402683949,
    "ppv": 0.38269566015230755,
    "precision": 0.38269566015230755,
    "npv": 0.9272535582498682,
    "f1": 0.46426981300089054,
    "balanced_accuracy": 0.7179829322292604,
    "youden": 0.4359658644585207,
    "prevalence": 0.13932907600126143,
    "alerts_per_1000": 214.81788079470198,
    "auc": 0.8232017952661921
  }
}