{
  "round": 14,
  "metrics": {
    "tp": 41670.0,
    "fp": 69880.0,
    "tn": 366790.0,
    "fn": 29020.0,
    "tpr": 0.5894751732918376,
    "recall": 0.5894751732918376,
    "fpr": 0.16002931275333776,
    "spec": 0.8399706872466622,
    "ppv": 0.3735544598834603,
    "precision": 0.3735544598834603,
    "npv": 0.9266819938859554,
    "f1": 0.4573090430201932,
    "balanced_accuracy": 0.7147229302692499,
    "youden": 0.42944586053849987,
    "prevalence": 0.13932907600126143,
    "alerts_per_1000": 219.8636076947335,
    "auc": 0.8215802852244493
  }
}