{
  "round": 3,
  "metrics": {
    "tp": 55930.0,
    "fp": 129840.0,
    "tn": 306830.0,
    "fn": 14760.0,
    "tpr": 0.791201018531617,
    "recall": 0.791201018531617,
    "fpr": 0.29734124166991094,
    "spec": 0.7026587583300891,
    "ppv": 0.30107121709640955,
    "precision": 0.30107121709640955,
    "npv": 0.9541030504679872,
    "f1": 0.43616938313967085,
    "balanced_accuracy": 0.7469298884308531,
    "youden": 0.4938597768617061,
    "prevalence": 0.13932907600126143,
    "alerts_per_1000": 366.15026805424156,
    "auc": 0.8238055751630213
  }
}