{
  "round": 7,
  "metrics": {
    "tp": 56260.0,
    "fp": 130610.0,
    "tn": 306060.0,
    "fn": 14430.0,
    "tpr": 0.7958692884424954,
    "recall": 0.7958692884424954,
    "fpr": 0.2991045869878856,
    "spec": 0.7008954130121143,
    "ppv": 0.3010649114357575,
    "precision": 0.3010649114357575,
    "npv": 0.9549751942338295,
    "f1": 0.4368690790495418,
    "balanced_accuracy": 0.7483823507273049,
    "youden": 0.4967647014546097,
    "prevalence": 0.13932907600126143,
    "alerts_per_1000": 368.31835383159887,
    "auc": 0.8246636523436285
  }
}