{
  "round": 8,
  "metrics": {
    "tp": 54840.0,
    "fp": 123120.0,
    "tn": 313550.0,
    "fn": 15850.0,
    "tpr": 0.7757815815532607,
    "recall": 0.7757815815532607,
    "fpr": 0.2819520461675865,
    "spec": 0.7180479538324135,
    "ppv": 0.3081591368846932,
    "precision": 0.3081591368846932,
    "npv": 0.9518822100789314,
    "f1": 0.4411019505328776,
    "balanced_accuracy": 0.7469147676928372,
    "youden": 0.4938295353856743,
    "prevalence": 0.13932907600126143,
    "alerts_per_1000": 350.75685903500477,
    "auc": 0.824265305530928
  }
}