{
  "round": 5,
  "metrics": {
    "tp": 53390.0,
    "fp": 115270.0,
    "tn": 321400.0,
    "fn": 17300.0,
    "tpr": 0.7552694864903098,
    "recall": 0.7552694864903098,
    "fpr": 0.2639750841596629,
    "spec": 0.7360249158403371,
    "ppv": 0.31655401399264793,
    "precision": 0.31655401399264793,
    "npv": 0.9489223501623856,
    "f1": 0.44612492166283685,
    "balanced_accuracy": 0.7456472011653235,
    "youden": 0.4912944023306469,
    "prevalence": 0.13932907600126143,
    "alerts_per_1000": 332.42667928098393,
    "auc": 0.8228134765722981
  }
}