{
  "round": 19,
  "metrics": {
    "tp": 55930.0,
    "fp": 127670.0,
    "tn": 309000.0,
    "fn": 14760.0,
    "tpr": 0.791201018531617,
    "recall": 0.791201018531617,
    "fpr": 0.2923718139556187,
    "spec": 0.7076281860443814,
    "ppv": 0.30462962962962964,
    "precision": 0.30462962962962964,
    "npv": 0.9544106745737584,
    "f1": 0.43989146250344097,
    "balanced_accuracy": 0.7494146022879992,
    "youden": 0.49882920457599833,
    "prevalence": 0.13932907600126143,
    "alerts_per_1000": 361.8732261116367,
    "auc": 0.8260382059890802
  }
}