{
  "round": 5,
  "metrics": {
    "tp": 56010.0,
    "fp": 129990.0,
    "tn": 306680.0,
    "fn": 14680.0,
    "tpr": 0.7923327203281936,
    "recall": 0.7923327203281936,
    "fpr": 0.2976847504980878,
    "spec": 0.7023152495019123,
    "ppv": 0.30112903225806453,
    "precision": 0.30112903225806453,
    "npv": 0.954319143639532,
    "f1": 0.4364018855428727,
    "balanced_accuracy": 0.7473239849150529,
    "youden": 0.49464796983010584,
    "prevalence": 0.13932907600126143,
    "alerts_per_1000": 366.6035950804163,
    "auc": 0.8231080191540663
  }
}