{
  "round": 2,
  "metrics": {
    "tp": 55330.0,
    "fp": 127450.0,
    "tn": 309220.0,
    "fn": 15360.0,
    "tpr": 0.7827132550572924,
    "recall": 0.7827132550572924,
    "fpr": 0.2918680010076259,
    "spec": 0.7081319989923741,
    "ppv": 0.302713644818908,
    "precision": 0.302713644818908,
    "npv": 0.9526773060570584,
    "f1": 0.4365802659091806,
    "balanced_accuracy": 0.7454226270248332,
    "youden": 0.4908452540496664,
    "prevalence": 0.13932907600126143,
    "alerts_per_1000": 360.25701671397036,
    "auc": 0.8220119106191035
  }
}