{
  "round": 20,
  "metrics": {
    "tp": 55930.0,
    "fp": 128650.0,
    "tn": 308020.0,
    "fn": 14760.0,
    "tpr": 0.791201018531617,
    "recall": 0.791201018531617,
    "fpr": 0.294616071633041,
    "spec": 0.705383928366959,
    "ppv": 0.3030122440134359,
    "precision": 0.3030122440134359,
    "npv": 0.9542722597434785,
    "f1": 0.4382026873506483,
    "balanced_accuracy": 0.748292473449288,
    "youden": 0.4965849468985759,
    "prevalence": 0.13932907600126143,
    "alerts_per_1000": 363.80479344055504,
    "auc": 0.8261180567680807
  }
}