{
  "round": 14,
  "metrics": {
    "tp": 56490.0,
    "fp": 130580.0,
    "tn": 306090.0,
    "fn": 14200.0,
    "tpr": 0.7991229311076531,
    "recall": 0.7991229311076531,
    "fpr": 0.2990358852222502,
    "spec": 0.7009641147777498,
    "ppv": 0.3019725236542471,
    "precision": 0.3019725236542471,
    "npv": 0.9556651784320459,
    "f1": 0.43831471135940414,
    "balanced_accuracy": 0.7500435229427014,
    "youden": 0.5000870458854028,
    "prevalence": 0.13932907600126143,
    "alerts_per_1000": 368.7125512456638,
    "auc": 0.8259254346016774
  }
}