{
  "round": 7,
  "metrics": {
    "tp": 55530.0,
    "fp": 127120.0,
    "tn": 309550.0,
    "fn": 15160.0,
    "tpr": 0.785542509548734,
    "recall": 0.785542509548734,
    "fpr": 0.29111228158563673,
    "spec": 0.7088877184143633,
    "ppv": 0.30402408978921436,
    "precision": 0.30402408978921436,
    "npv": 0.9533121862585076,
    "f1": 0.4383832004420937,
    "balanced_accuracy": 0.7472151139815486,
    "youden": 0.4944302279630972,
    "prevalence": 0.13932907600126143,
    "alerts_per_1000": 360.00078839482813,
    "auc": 0.8246927858834203
  }
}