{
  "round": 2,
  "metrics": {
    "tp": 52180.0,
    "fp": 108070.0,
    "tn": 328600.0,
    "fn": 18510.0,
    "tpr": 0.7381524968170887,
    "recall": 0.7381524968170887,
    "fpr": 0.24748666040717246,
    "spec": 0.7525133395928275,
    "ppv": 0.325616224648986,
    "precision": 0.325616224648986,
    "npv": 0.9466739650254963,
    "f1": 0.45189226638953844,
    "balanced_accuracy": 0.7453329182049582,
    "youden": 0.49066583640991634,
    "prevalence": 0.13932907600126143,
    "alerts_per_1000": 315.85067801955216,
    "auc": 0.8229879408947635
  }
}