{
  "round": 20,
  "metrics": {
    "tp": 52660.0,
    "fp": 110560.0,
    "tn": 326110.0,
    "fn": 18030.0,
    "tpr": 0.7449427075965483,
    "recall": 0.7449427075965483,
    "fpr": 0.25318890695490875,
    "spec": 0.7468110930450913,
    "ppv": 0.3226320303884328,
    "precision": 0.3226320303884328,
    "npv": 0.9476085314116348,
    "f1": 0.4502586464879655,
    "balanced_accuracy": 0.7458769003208199,
    "youden": 0.49175380064163976,
    "prevalence": 0.13932907600126143,
    "alerts_per_1000": 321.7045096184169,
    "auc": 0.8239691156229073
  }
}