{
  "round": 5,
  "metrics": {
    "tp": 50330.0,
    "fp": 100180.0,
    "tn": 336490.0,
    "fn": 20360.0,
    "tpr": 0.7119818927712548,
    "recall": 0.7119818927712548,
    "fpr": 0.22941809604506835,
    "spec": 0.7705819039549316,
    "ppv": 0.3343963856222178,
    "precision": 0.3343963856222178,
    "npv": 0.9429452150763626,
    "f1": 0.45506329113924054,
    "balanced_accuracy": 0.7412818983630932,
    "youden": 0.48256379672618643,
    "prevalence": 0.13932907600126143,
    "alerts_per_1000": 296.65326395458845,
    "auc": 0.8239822796548147
  }
}