{
  "round": 20,
  "metrics": {
    "tp": 50920.0,
    "fp": 102210.0,
    "tn": 334460.0,
    "fn": 19770.0,
    "tpr": 0.7203281935210072,
    "recall": 0.7203281935210072,
    "fpr": 0.23406691551972886,
    "spec": 0.7659330844802712,
    "ppv": 0.33252791745575655,
    "precision": 0.33252791745575655,
    "npv": 0.9441888038844818,
    "f1": 0.4550084889643463,
    "balanced_accuracy": 0.7431306390006391,
    "youden": 0.4862612780012783,
    "prevalence": 0.13932907600126143,
    "alerts_per_1000": 301.8172500788395,
    "auc": 0.8261875959650556
  }
}