{
  "round": 18,
  "metrics": {
    "tp": 50890.0,
    "fp": 102380.0,
    "tn": 334290.0,
    "fn": 19800.0,
    "tpr": 0.719903805347291,
    "recall": 0.719903805347291,
    "fpr": 0.23445622552499598,
    "spec": 0.765543774475004,
    "ppv": 0.3320284465322633,
    "precision": 0.3320284465322633,
    "npv": 0.9440820130475303,
    "f1": 0.45445615288444363,
    "balanced_accuracy": 0.7427237899111475,
    "youden": 0.48544757982229503,
    "prevalence": 0.13932907600126143,
    "alerts_per_1000": 302.09318826868497,
    "auc": 0.8256493284676965
  }
}