{
  "round": 9,
  "metrics": {
    "tp": 51350.0,
    "fp": 104880.0,
    "tn": 331790.0,
    "fn": 19340.0,
    "tpr": 0.7264110906776065,
    "recall": 0.7264110906776065,
    "fpr": 0.2401813726612774,
    "spec": 0.7598186273387226,
    "ppv": 0.32868207130512705,
    "precision": 0.32868207130512705,
    "npv": 0.9449206846467121,
    "f1": 0.4525824078970562,
    "balanced_accuracy": 0.7431148590081645,
    "youden": 0.4862297180163291,
    "prevalence": 0.13932907600126143,
    "alerts_per_1000": 307.9273099968464,
    "auc": 0.8237378711879181
  }
}