{
  "round": 12,
  "metrics": {
    "tp": 50050.0,
    "fp": 97920.0,
    "tn": 338750.0,
    "fn": 20640.0,
    "tpr": 0.7080209364832367,
    "recall": 0.7080209364832367,
    "fpr": 0.22424256303386997,
    "spec": 0.77575743696613,
    "ppv": 0.3382442386970332,
    "precision": 0.3382442386970332,
    "npv": 0.942569353626979,
    "f1": 0.4577883472057075,
    "balanced_accuracy": 0.7418891867246833,
    "youden": 0.4837783734493666,
    "prevalence": 0.13932907600126143,
    "alerts_per_1000": 291.64695679596343,
    "auc": 0.8252177176511505
  }
}