{
  "round": 19,
  "metrics": {
    "tp": 52130.0,
    "fp": 107600.0,
    "tn": 329070.0,
    "fn": 18560.0,
    "tpr": 0.7374451831942284,
    "recall": 0.7374451831942284,
    "fpr": 0.24641033274555155,
    "spec": 0.7535896672544484,
    "ppv": 0.32636323796406436,
    "precision": 0.32636323796406436,
    "npv": 0.9466099013318758,
    "f1": 0.4524780834996962,
    "balanced_accuracy": 0.7455174252243384,
    "youden": 0.4910348504486768,
    "prevalence": 0.13932907600126143,
    "alerts_per_1000": 314.82576474298327,
    "auc": 0.8248875575109215
  }
}