{
  "round": 19,
  "metrics": {
    "tp": 51780.0,
    "fp": 106020.0,
    "tn": 330650.0,
    "fn": 18910.0,
    "tpr": 0.7324939878342057,
    "recall": 0.7324939878342057,
    "fpr": 0.2427920397554217,
    "spec": 0.7572079602445783,
    "ppv": 0.32813688212927755,
    "precision": 0.32813688212927755,
    "npv": 0.9459034214441011,
    "f1": 0.45323646549083113,
    "balanced_accuracy": 0.744850974039392,
    "youden": 0.4897019480787841,
    "prevalence": 0.13932907600126143,
    "alerts_per_1000": 311.02175969725636,
    "auc": 0.8251268523013406
  }
}