{
  "round": 11,
  "metrics": {
    "tp": 51120.0,
    "fp": 103100.0,
    "tn": 333570.0,
    "fn": 19570.0,
    "tpr": 0.7231574480124487,
    "recall": 0.7231574480124487,
    "fpr": 0.23610506790024505,
    "spec": 0.763894932099755,
    "ppv": 0.331474516923875,
    "precision": 0.331474516923875,
    "npv": 0.9445828849747975,
    "f1": 0.45458183273309316,
    "balanced_accuracy": 0.7435261900561019,
    "youden": 0.48705238011220375,
    "prevalence": 0.13932907600126143,
    "alerts_per_1000": 303.96562598549355,
    "auc": 0.8251635534991939
  }
}