{
  "round": 15,
  "metrics": {
    "tp": 56480.0,
    "fp": 130060.0,
    "tn": 306610.0,
    "fn": 14210.0,
    "tpr": 0.798981468383081,
    "recall": 0.798981468383081,
    "fpr": 0.29784505461790367,
    "spec": 0.7021549453820963,
    "ppv": 0.3027768843143562,
    "precision": 0.3027768843143562,
    "npv": 0.9557072501714357,
    "f1": 0.4391400691987715,
    "balanced_accuracy": 0.7505682068825887,
    "youden": 0.5011364137651775,
    "prevalence": 0.13932907600126143,
    "alerts_per_1000": 367.66792809839166,
    "auc": 0.8258199911434425
  }
}