{
  "round": 19,
  "metrics": {
    "tp": 56560.0,
    "fp": 130750.0,
    "tn": 305920.0,
    "fn": 14130.0,
    "tpr": 0.8001131701796577,
    "recall": 0.8001131701796577,
    "fpr": 0.29942519522751737,
    "spec": 0.7005748047724827,
    "ppv": 0.30195931877636006,
    "precision": 0.30195931877636006,
    "npv": 0.9558506483361975,
    "f1": 0.4384496124031009,
    "balanced_accuracy": 0.7503439874760702,
    "youden": 0.5006879749521405,
    "prevalence": 0.13932907600126143,
    "alerts_per_1000": 369.18558814254175,
    "auc": 0.8267496063416689
  }
}