{
  "round": 19,
  "metrics": {
    "tp": 56510.0,
    "fp": 130890.0,
    "tn": 305780.0,
    "fn": 14180.0,
    "tpr": 0.7994058565567973,
    "recall": 0.7994058565567973,
    "fpr": 0.29974580346714913,
    "spec": 0.7002541965328508,
    "ppv": 0.30154749199573105,
    "precision": 0.30154749199573105,
    "npv": 0.9556819602450306,
    "f1": 0.43790925646092455,
    "balanced_accuracy": 0.7498300265448241,
    "youden": 0.4996600530896482,
    "prevalence": 0.13932907600126143,
    "alerts_per_1000": 369.362976978871,
    "auc": 0.826060016459073
  }
}