{
  "round": 20,
  "metrics": {
    "tp": 56410.0,
    "fp": 130420.0,
    "tn": 306250.0,
    "fn": 14280.0,
    "tpr": 0.7979912293110766,
    "recall": 0.7979912293110766,
    "fpr": 0.2986694758055282,
    "spec": 0.7013305241944718,
    "ppv": 0.3019322378632982,
    "precision": 0.3019322378632982,
    "npv": 0.9554487879449661,
    "f1": 0.43810189499844676,
    "balanced_accuracy": 0.7496608767527742,
    "youden": 0.4993217535055483,
    "prevalence": 0.13932907600126143,
    "alerts_per_1000": 368.23951434878586,
    "auc": 0.8262116838595425
  }
}