{
  "round": 20,
  "metrics": {
    "tp": 56550.0,
    "fp": 130720.0,
    "tn": 305950.0,
    "fn": 14140.0,
    "tpr": 0.7999717074550856,
    "recall": 0.7999717074550856,
    "fpr": 0.299356493461882,
    "spec": 0.700643506538118,
    "ppv": 0.3019704170449084,
    "precision": 0.3019704170449084,
    "npv": 0.9558249242400575,
    "f1": 0.43844006822763215,
    "balanced_accuracy": 0.7503076069966018,
    "youden": 0.5006152139932036,
    "prevalence": 0.13932907600126143,
    "alerts_per_1000": 369.1067486597288,
    "auc": 0.8263107890801921
  }
}