{
  "round": 10,
  "metrics": {
    "tp": 56240.0,
    "fp": 130920.0,
    "tn": 305750.0,
    "fn": 14450.0,
    "tpr": 0.7955863629933513,
    "recall": 0.7955863629933513,
    "fpr": 0.29981450523278447,
    "spec": 0.7001854947672155,
    "ppv": 0.30049155802521904,
    "precision": 0.30049155802521904,
    "npv": 0.9548719550281074,
    "f1": 0.43622261004459956,
    "balanced_accuracy": 0.7478859288802834,
    "youden": 0.49577185776056676,
    "prevalence": 0.13932907600126143,
    "alerts_per_1000": 368.8899400819931,
    "auc": 0.8245110681421184
  }
}