{
  "round": 14,
  "metrics": {
    "tp": 56440.0,
    "fp": 130710.0,
    "tn": 305960.0,
    "fn": 14250.0,
    "tpr": 0.7984156174847927,
    "recall": 0.7984156174847927,
    "fpr": 0.29933359287333683,
    "spec": 0.7006664071266632,
    "ppv": 0.3015762757146674,
    "precision": 0.3015762757146674,
    "npv": 0.9554979544673807,
    "f1": 0.43779087806391564,
    "balanced_accuracy": 0.749541012305728,
    "youden": 0.499082024611456,
    "prevalence": 0.13932907600126143,
    "alerts_per_1000": 368.8702302112898,
    "auc": 0.8256936556360458
  }
}