{
  "round": 13,
  "metrics": {
    "tp": 56400.0,
    "fp": 130370.0,
    "tn": 306300.0,
    "fn": 14290.0,
    "tpr": 0.7978497665865044,
    "recall": 0.7978497665865044,
    "fpr": 0.2985549728628026,
    "spec": 0.7014450271371975,
    "ppv": 0.3019756920276276,
    "precision": 0.3019756920276276,
    "npv": 0.9554259334352287,
    "f1": 0.438126310883244,
    "balanced_accuracy": 0.7496473968618509,
    "youden": 0.4992947937237018,
    "prevalence": 0.13932907600126143,
    "alerts_per_1000": 368.1212551245664,
    "auc": 0.8259834020201431
  }
}