{
  "round": 17,
  "metrics": {
    "tp": 56500.0,
    "fp": 129920.0,
    "tn": 306750.0,
    "fn": 14190.0,
    "tpr": 0.7992643938322253,
    "recall": 0.7992643938322253,
    "fpr": 0.2975244463782719,
    "spec": 0.7024755536217281,
    "ppv": 0.30307906876944535,
    "precision": 0.30307906876944535,
    "npv": 0.9557861282482707,
    "f1": 0.43950060285480924,
    "balanced_accuracy": 0.7508699737269766,
    "youden": 0.5017399474539532,
    "prevalence": 0.13932907600126143,
    "alerts_per_1000": 367.4314096499527,
    "auc": 0.8264406751668854
  }
}