{
  "round": 13,
  "metrics": {
    "tp": 56470.0,
    "fp": 128500.0,
    "tn": 308170.0,
    "fn": 14220.0,
    "tpr": 0.798840005658509,
    "recall": 0.798840005658509,
    "fpr": 0.2942725628048641,
    "spec": 0.7057274371951359,
    "ppv": 0.3052927501757042,
    "precision": 0.3052927501757042,
    "npv": 0.9558919321318899,
    "f1": 0.44175858562152864,
    "balanced_accuracy": 0.7522837214268224,
    "youden": 0.5045674428536449,
    "prevalence": 0.13932907600126143,
    "alerts_per_1000": 364.5734783979817,
    "auc": 0.8259148411762223
  }
}