{
  "round": 18,
  "metrics": {
    "tp": 56700.0,
    "fp": 133710.0,
    "tn": 302960.0,
    "fn": 13990.0,
    "tpr": 0.8020936483236667,
    "recall": 0.8020936483236667,
    "fpr": 0.30620376943687455,
    "spec": 0.6937962305631254,
    "ppv": 0.29777847802111235,
    "precision": 0.29777847802111235,
    "npv": 0.9558605458274175,
    "f1": 0.4343163538873995,
    "balanced_accuracy": 0.7479449394433961,
    "youden": 0.49588987888679226,
    "prevalence": 0.13932907600126143,
    "alerts_per_1000": 375.29564806054873,
    "auc": 0.8244822877165089
  }
}