{
  "round": 19,
  "metrics": {
    "tp": 60740.0,
    "fp": 164380.0,
    "tn": 272290.0,
    "fn": 9950.0,
    "tpr": 0.8592445890507852,
    "recall": 0.8592445890507852,
    "fpr": 0.3764398745047748,
    "spec": 0.6235601254952252,
    "ppv": 0.26981165600568585,
    "precision": 0.26981165600568585,
    "npv": 0.9647463151927438,
    "f1": 0.4106690105135053,
    "balanced_accuracy": 0.7414023572730052,
    "youden": 0.48280471454601037,
    "prevalence": 0.13932907600126143,
    "alerts_per_1000": 443.7086092715232,
    "auc": 0.8231130680389508
  }
}