{
  "round": 12,
  "metrics": {
    "tp": 57010.0,
    "fp": 136360.0,
    "tn": 300310.0,
    "fn": 13680.0,
    "tpr": 0.806478992785401,
    "recall": 0.806478992785401,
    "fpr": 0.3122724254013328,
    "spec": 0.6877275745986672,
    "ppv": 0.2948233955629105,
    "precision": 0.2948233955629105,
    "npv": 0.9564317334946972,
    "f1": 0.43179580398394307,
    "balanced_accuracy": 0.7471032836920342,
    "youden": 0.4942065673840683,
    "prevalence": 0.13932907600126143,
    "alerts_per_1000": 381.1297697887102,
    "auc": 0.8238046130078654
  }
}