{
  "round": 9,
  "metrics": {
    "tp": 55770.0,
    "fp": 129090.0,
    "tn": 307580.0,
    "fn": 14920.0,
    "tpr": 0.7889376149384637,
    "recall": 0.7889376149384637,
    "fpr": 0.2956236975290265,
    "spec": 0.7043763024709735,
    "ppv": 0.30168776371308015,
    "precision": 0.30168776371308015,
    "npv": 0.9537364341085272,
    "f1": 0.43647035805126194,
    "balanced_accuracy": 0.7466569587047186,
    "youden": 0.4933139174094372,
    "prevalence": 0.13932907600126143,
    "alerts_per_1000": 364.356669820246,
    "auc": 0.822314200655605
  }
}