{
  "round": 9,
  "metrics": {
    "tp": 43520.0,
    "fp": 74700.0,
    "tn": 361970.0,
    "fn": 27170.0,
    "tpr": 0.6156457773376716,
    "recall": 0.6156457773376716,
    "fpr": 0.1710673964320883,
    "spec": 0.8289326035679117,
    "ppv": 0.3681272204364744,
    "precision": 0.3681272204364744,
    "npv": 0.9301793698925837,
    "f1": 0.46074850457890004,
    "balanced_accuracy": 0.7222891904527916,
    "youden": 0.4445783809055832,
    "prevalence": 0.13932907600126143,
    "alerts_per_1000": 233.01009145380004,
    "auc": 0.8227407318112593
  }
}