{
  "round": 2,
  "metrics": {
    "tp": 62080.0,
    "fp": 176780.0,
    "tn": 259890.0,
    "fn": 8610.0,
    "tpr": 0.8782005941434432,
    "recall": 0.8782005941434432,
    "fpr": 0.40483660430073054,
    "spec": 0.5951633956992695,
    "ppv": 0.2599011973540986,
    "precision": 0.2599011973540986,
    "npv": 0.9679329608938547,
    "f1": 0.40109836859958004,
    "balanced_accuracy": 0.7366819949213563,
    "youden": 0.47336398984271266,
    "prevalence": 0.13932907600126143,
    "alerts_per_1000": 470.7899716177862,
    "auc": 0.8218309590383888
  }
}