{
  "round": 1,
  "metrics": {
    "tp": 59450.0,
    "fp": 158600.0,
    "tn": 278070.0,
    "fn": 11240.0,
    "tpr": 0.8409958975809874,
    "recall": 0.8409958975809874,
    "fpr": 0.3632033343256922,
    "spec": 0.6367966656743078,
    "ppv": 0.27264388901628067,
    "precision": 0.27264388901628067,
    "npv": 0.9611489405827659,
    "f1": 0.4117891528710951,
    "balanced_accuracy": 0.7388962816276476,
    "youden": 0.4777925632552953,
    "prevalence": 0.13932907600126143,
    "alerts_per_1000": 429.7737306843267,
    "auc": 0.8182293450240865
  }
}