{
  "round": 1,
  "metrics": {
    "tp": 59290.0,
    "fp": 155620.0,
    "tn": 281050.0,
    "fn": 11400.0,
    "tpr": 0.8387324939878342,
    "recall": 0.8387324939878342,
    "fpr": 0.35637895893924476,
    "spec": 0.6436210410607552,
    "ppv": 0.2758829277371923,
    "precision": 0.2758829277371923,
    "npv": 0.961018977603009,
    "f1": 0.4151960784313725,
    "balanced_accuracy": 0.7411767675242947,
    "youden": 0.48235353504858947,
    "prevalence": 0.13932907600126143,
    "alerts_per_1000": 423.5848312835068,
    "auc": 0.8192333685075013
  }
}