{
  "round": 1,
  "metrics": {
    "tp": 58080.0,
    "fp": 146770.0,
    "tn": 289900.0,
    "fn": 12610.0,
    "tpr": 0.821615504314613,
    "recall": 0.821615504314613,
    "fpr": 0.33611193807680856,
    "spec": 0.6638880619231915,
    "ppv": 0.2835245301440078,
    "precision": 0.2835245301440078,
    "npv": 0.9583154275891707,
    "f1": 0.4215721855266023,
    "balanced_accuracy": 0.7427517831189023,
    "youden": 0.48550356623780466,
    "prevalence": 0.13932907600126143,
    "alerts_per_1000": 403.75670135603906,
    "auc": 0.8192264892601148
  }
}