{
  "round": 2,
  "metrics": {
    "tp": 63450.0,
    "fp": 193960.0,
    "tn": 242710.0,
    "fn": 7240.0,
    "tpr": 0.8975809874098175,
    "recall": 0.8975809874098175,
    "fpr": 0.44417981542125634,
    "spec": 0.5558201845787436,
    "ppv": 0.24649392020512023,
    "precision": 0.24649392020512023,
    "npv": 0.9710342068413683,
    "f1": 0.3867723255105151,
    "balanced_accuracy": 0.7267005859942806,
    "youden": 0.4534011719885611,
    "prevalence": 0.13932907600126143,
    "alerts_per_1000": 507.35178177231154,
    "auc": 0.820225502733601
  }
}