{
  "round": 13,
  "metrics": {
    "tp": 63870.0,
    "fp": 195710.0,
    "tn": 240960.0,
    "fn": 6820.0,
    "tpr": 0.9035224218418447,
    "recall": 0.9035224218418447,
    "fpr": 0.4481874184166533,
    "spec": 0.5518125815833467,
    "ppv": 0.24605131366052854,
    "precision": 0.24605131366052854,
    "npv": 0.9724755831786261,
    "f1": 0.38677445726224,
    "balanced_accuracy": 0.7276675017125958,
    "youden": 0.4553350034251915,
    "prevalence": 0.13932907600126143,
    "alerts_per_1000": 511.62882371491645,
    "auc": 0.8257528330375106
  }
}