{
  "round": 12,
  "metrics": {
    "tp": 63700.0,
    "fp": 193130.0,
    "tn": 243540.0,
    "fn": 6990.0,
    "tpr": 0.9011175555241194,
    "recall": 0.9011175555241194,
    "fpr": 0.4422790665720109,
    "spec": 0.5577209334279891,
    "ppv": 0.24802398473698556,
    "precision": 0.24802398473698556,
    "npv": 0.9720991498024188,
    "f1": 0.38898387884709335,
    "balanced_accuracy": 0.7294192444760543,
    "youden": 0.45883848895210866,
    "prevalence": 0.13932907600126143,
    "alerts_per_1000": 506.20860927152324,
    "auc": 0.8253252328205712
  }
}