{
  "round": 16,
  "metrics": {
    "tp": 63610.0,
    "fp": 192960.0,
    "tn": 243710.0,
    "fn": 7080.0,
    "tpr": 0.8998443910029708,
    "recall": 0.8998443910029708,
    "fpr": 0.4418897565667438,
    "spec": 0.5581102434332562,
    "ppv": 0.24792454300970496,
    "precision": 0.24792454300970496,
    "npv": 0.9717692092986163,
    "f1": 0.38874289555704944,
    "balanced_accuracy": 0.7289773172181135,
    "youden": 0.4579546344362271,
    "prevalence": 0.13932907600126143,
    "alerts_per_1000": 505.69615263323874,
    "auc": 0.8258719669593458
  }
}