{
  "round": 14,
  "metrics": {
    "tp": 63680.0,
    "fp": 192360.0,
    "tn": 244310.0,
    "fn": 7010.0,
    "tpr": 0.9008346300749752,
    "recall": 0.9008346300749752,
    "fpr": 0.4405157212540362,
    "spec": 0.5594842787459637,
    "ppv": 0.2487111388845493,
    "precision": 0.2487111388845493,
    "npv": 0.9721072735954162,
    "f1": 0.389801977167692,
    "balanced_accuracy": 0.7301594544104695,
    "youden": 0.46031890882093895,
    "prevalence": 0.13932907600126143,
    "alerts_per_1000": 504.6515294859666,
    "auc": 0.825741021530107
  }
}