{
  "round": 3,
  "metrics": {
    "tp": 63610.0,
    "fp": 195020.0,
    "tn": 241650.0,
    "fn": 7080.0,
    "tpr": 0.8998443910029708,
    "recall": 0.8998443910029708,
    "fpr": 0.4466072778070396,
    "spec": 0.5533927221929604,
    "ppv": 0.24594981247341763,
    "precision": 0.24594981247341763,
    "npv": 0.9715353998311422,
    "f1": 0.38631118668772013,
    "balanced_accuracy": 0.7266185565979656,
    "youden": 0.4532371131959312,
    "prevalence": 0.13932907600126143,
    "alerts_per_1000": 509.7563859981078,
    "auc": 0.8224705686861459
  }
}