{
  "round": 18,
  "metrics": {
    "tp": 63450.0,
    "fp": 190390.0,
    "tn": 246280.0,
    "fn": 7240.0,
    "tpr": 0.8975809874098175,
    "recall": 0.8975809874098175,
    "fpr": 0.4360043053106465,
    "spec": 0.5639956946893535,
    "ppv": 0.24996060510557833,
    "precision": 0.24996060510557833,
    "npv": 0.9714420952982014,
    "f1": 0.3910270236958063,
    "balanced_accuracy": 0.7307883410495855,
    "youden": 0.4615766820991709,
    "prevalence": 0.13932907600126143,
    "alerts_per_1000": 500.3153579312519,
    "auc": 0.825890685250563
  }
}