{
  "round": 10,
  "metrics": {
    "tp": 63520.0,
    "fp": 191670.0,
    "tn": 245000.0,
    "fn": 7170.0,
    "tpr": 0.8985712264818221,
    "recall": 0.8985712264818221,
    "fpr": 0.43893558064442256,
    "spec": 0.5610644193555774,
    "ppv": 0.24891257494415925,
    "precision": 0.24891257494415925,
    "npv": 0.9715668001744855,
    "f1": 0.3898367497238247,
    "balanced_accuracy": 0.7298178229186998,
    "youden": 0.4596356458373996,
    "prevalence": 0.13932907600126143,
    "alerts_per_1000": 502.9761904761905,
    "auc": 0.825349349871275
  }
}