{
  "round": 17,
  "metrics": {
    "tp": 63640.0,
    "fp": 193030.0,
    "tn": 243640.0,
    "fn": 7050.0,
    "tpr": 0.9002687791766869,
    "recall": 0.9002687791766869,
    "fpr": 0.44205006068655966,
    "spec": 0.5579499393134404,
    "ppv": 0.2479448318853002,
    "precision": 0.2479448318853002,
    "npv": 0.9718776177749412,
    "f1": 0.38880742913000976,
    "balanced_accuracy": 0.7291093592450637,
    "youden": 0.4582187184901274,
    "prevalence": 0.13932907600126143,
    "alerts_per_1000": 505.8932513402712,
    "auc": 0.8257513298725531
  }
}