{
  "round": 17,
  "metrics": {
    "tp": 63600.0,
    "fp": 191560.0,
    "tn": 245110.0,
    "fn": 7090.0,
    "tpr": 0.8997029282783986,
    "recall": 0.8997029282783986,
    "fpr": 0.4386836741704262,
    "spec": 0.5613163258295738,
    "ppv": 0.24925536918012228,
    "precision": 0.24925536918012228,
    "npv": 0.9718873909595559,
    "f1": 0.3903636642626976,
    "balanced_accuracy": 0.7305096270539861,
    "youden": 0.4610192541079723,
    "prevalence": 0.13932907600126143,
    "alerts_per_1000": 502.9170608640807,
    "auc": 0.826158609826138
  }
}