{
  "round": 15,
  "metrics": {
    "tp": 63810.0,
    "fp": 193830.0,
    "tn": 242840.0,
    "fn": 6880.0,
    "tpr": 0.9026736454944122,
    "recall": 0.9026736454944122,
    "fpr": 0.4438821077701697,
    "spec": 0.5561178922298303,
    "ppv": 0.24767116907312528,
    "precision": 0.24767116907312528,
    "npv": 0.972449143040205,
    "f1": 0.38869430146498946,
    "balanced_accuracy": 0.7293957688621213,
    "youden": 0.45879153772424264,
    "prevalence": 0.13932907600126143,
    "alerts_per_1000": 507.8051087984863,
    "auc": 0.8252565116174583
  }
}