{
  "round": 5,
  "metrics": {
    "tp": 46290.0,
    "fp": 82740.0,
    "tn": 353930.0,
    "fn": 24400.0,
    "tpr": 0.6548309520441363,
    "recall": 0.6548309520441363,
    "fpr": 0.1894794696223693,
    "spec": 0.8105205303776307,
    "ppv": 0.35875377819111837,
    "precision": 0.35875377819111837,
    "npv": 0.9355060397007903,
    "f1": 0.4635489685559783,
    "balanced_accuracy": 0.7326757412108835,
    "youden": 0.46535148242176705,
    "prevalence": 0.13932907600126143,
    "alerts_per_1000": 254.31646168401133,
    "auc": 0.8240355480629982
  }
}