{
  "round": 30,
  "metrics": {
    "tp": 61850.0,
    "fp": 174410.0,
    "tn": 262260.0,
    "fn": 8840.0,
    "tpr": 0.8749469514782855,
    "recall": 0.8749469514782855,
    "fpr": 0.39940916481553573,
    "spec": 0.6005908351844642,
    "ppv": 0.2617878608312876,
    "precision": 0.2617878608312876,
    "npv": 0.9673921062338621,
    "f1": 0.40299723081935174,
    "balanced_accuracy": 0.7377688933313749,
    "youden": 0.4755377866627497,
    "prevalence": 0.13932907600126143,
    "alerts_per_1000": 465.66540523494166,
    "auc": 0.8217744688682437
  }
}