{
  "round": 30,
  "metrics": {
    "tp": 60070.0,
    "fp": 158830.0,
    "tn": 277840.0,
    "fn": 10620.0,
    "tpr": 0.849766586504456,
    "recall": 0.849766586504456,
    "fpr": 0.36373004786223007,
    "spec": 0.6362699521377699,
    "ppv": 0.27441754225673826,
    "precision": 0.27441754225673826,
    "npv": 0.9631838036469528,
    "f1": 0.41486239165717054,
    "balanced_accuracy": 0.7430182693211129,
    "youden": 0.48603653864222585,
    "prevalence": 0.13932907600126143,
    "alerts_per_1000": 431.4490696941028,
    "auc": 0.8212327981924621
  }
}