{
  "round": 7,
  "metrics": {
    "tp": 60720.0,
    "fp": 167310.0,
    "tn": 269360.0,
    "fn": 9970.0,
    "tpr": 0.858961663601641,
    "recall": 0.858961663601641,
    "fpr": 0.3831497469484966,
    "spec": 0.6168502530515034,
    "ppv": 0.2662807525325615,
    "precision": 0.2662807525325615,
    "npv": 0.9643074499695701,
    "f1": 0.4065345474022496,
    "balanced_accuracy": 0.7379059583265721,
    "youden": 0.47581191665314426,
    "prevalence": 0.13932907600126143,
    "alerts_per_1000": 449.4441816461684,
    "auc": 0.8195789668645522
  }
}