{
  "round": 7,
  "metrics": {
    "tp": 53180.0,
    "fp": 114530.0,
    "tn": 322140.0,
    "fn": 17510.0,
    "tpr": 0.7522987692742962,
    "recall": 0.7522987692742962,
    "fpr": 0.2622804406073236,
    "spec": 0.7377195593926764,
    "ppv": 0.31709498539144954,
    "precision": 0.31709498539144954,
    "npv": 0.9484469306639187,
    "f1": 0.44614093959731543,
    "balanced_accuracy": 0.7450091643334863,
    "youden": 0.4900183286669726,
    "prevalence": 0.13932907600126143,
    "alerts_per_1000": 330.55424156417536,
    "auc": 0.8223209163042191
  }
}