{
  "round": 3,
  "metrics": {
    "tp": 55590.0,
    "fp": 129070.0,
    "tn": 307600.0,
    "fn": 15100.0,
    "tpr": 0.7863912858961664,
    "recall": 0.7863912858961664,
    "fpr": 0.29557789635193626,
    "spec": 0.7044221036480638,
    "ppv": 0.30103974872739087,
    "precision": 0.30103974872739087,
    "npv": 0.9532073132940811,
    "f1": 0.4354023888780106,
    "balanced_accuracy": 0.7454066947721151,
    "youden": 0.49081338954423015,
    "prevalence": 0.13932907600126143,
    "alerts_per_1000": 363.962472406181,
    "auc": 0.821295121225767
  }
}