{
  "round": 6,
  "metrics": {
    "tp": 55790.0,
    "fp": 129030.0,
    "tn": 307640.0,
    "fn": 14900.0,
    "tpr": 0.7892205403876079,
    "recall": 0.7892205403876079,
    "fpr": 0.2954862939977557,
    "spec": 0.7045137060022443,
    "ppv": 0.30186127042527866,
    "precision": 0.30186127042527866,
    "npv": 0.9538041793265951,
    "f1": 0.43669523697702634,
    "balanced_accuracy": 0.7468671231949261,
    "youden": 0.4937342463898522,
    "prevalence": 0.13932907600126143,
    "alerts_per_1000": 364.277830337433,
    "auc": 0.8212420228955152
  }
}