{
  "round": 7,
  "metrics": {
    "tp": 56020.0,
    "fp": 129270.0,
    "tn": 307400.0,
    "fn": 14670.0,
    "tpr": 0.7924741830527656,
    "recall": 0.7924741830527656,
    "fpr": 0.29603590812283875,
    "spec": 0.7039640918771612,
    "ppv": 0.3023368773274327,
    "precision": 0.3023368773274327,
    "npv": 0.9544508957680008,
    "f1": 0.4376904445659817,
    "balanced_accuracy": 0.7482191374649634,
    "youden": 0.49643827492992676,
    "prevalence": 0.13932907600126143,
    "alerts_per_1000": 365.2041942604857,
    "auc": 0.8238759582704951
  }
}