{
  "round": 13,
  "metrics": {
    "tp": 54440.0,
    "fp": 124470.0,
    "tn": 312200.0,
    "fn": 16250.0,
    "tpr": 0.7701230725703777,
    "recall": 0.7701230725703777,
    "fpr": 0.28504362562117846,
    "spec": 0.7149563743788215,
    "ppv": 0.304287071712034,
    "precision": 0.304287071712034,
    "npv": 0.9505251940934694,
    "f1": 0.4362179487179488,
    "balanced_accuracy": 0.7425397234745996,
    "youden": 0.48507944694919924,
    "prevalence": 0.13932907600126143,
    "alerts_per_1000": 352.62929675181334,
    "auc": 0.820175906388951
  }
}