{
  "round": 8,
  "metrics": {
    "tp": 53240.0,
    "fp": 113520.0,
    "tn": 323150.0,
    "fn": 17450.0,
    "tpr": 0.7531475456217287,
    "recall": 0.7531475456217287,
    "fpr": 0.25996748116426593,
    "spec": 0.7400325188357341,
    "ppv": 0.31926121372031663,
    "precision": 0.31926121372031663,
    "npv": 0.9487668819729889,
    "f1": 0.44843124868393347,
    "balanced_accuracy": 0.7465900322287313,
    "youden": 0.49318006445746265,
    "prevalence": 0.13932907600126143,
    "alerts_per_1000": 328.6818038473668,
    "auc": 0.8248655073120342
  }
}