{
  "round": 20,
  "metrics": {
    "tp": 56200.0,
    "fp": 130240.0,
    "tn": 306430.0,
    "fn": 14490.0,
    "tpr": 0.795020512095063,
    "recall": 0.795020512095063,
    "fpr": 0.2982572652117159,
    "spec": 0.7017427347882841,
    "ppv": 0.301437459772581,
    "precision": 0.301437459772581,
    "npv": 0.954848560388882,
    "f1": 0.43713296775949917,
    "balanced_accuracy": 0.7483816234416736,
    "youden": 0.49676324688334716,
    "prevalence": 0.13932907600126143,
    "alerts_per_1000": 367.4708293913592,
    "auc": 0.8252013561541287
  }
}