{
  "round": 6,
  "metrics": {
    "tp": 55120.0,
    "fp": 123930.0,
    "tn": 312740.0,
    "fn": 15570.0,
    "tpr": 0.7797425378412788,
    "recall": 0.7797425378412788,
    "fpr": 0.2838069938397417,
    "spec": 0.7161930061602584,
    "ppv": 0.30784697012007817,
    "precision": 0.30784697012007817,
    "npv": 0.952575309920502,
    "f1": 0.4414190758388724,
    "balanced_accuracy": 0.7479677720007686,
    "youden": 0.49593554400153717,
    "prevalence": 0.13932907600126143,
    "alerts_per_1000": 352.90523494165876,
    "auc": 0.8241709122788792
  }
}