{
  "round": 6,
  "metrics": {
    "tp": 55500.0,
    "fp": 126030.0,
    "tn": 310640.0,
    "fn": 15190.0,
    "tpr": 0.7851181213750177,
    "recall": 0.7851181213750177,
    "fpr": 0.28861611743421806,
    "spec": 0.7113838825657819,
    "ppv": 0.30573458932407865,
    "precision": 0.30573458932407865,
    "npv": 0.9533805972439616,
    "f1": 0.44009198318927917,
    "balanced_accuracy": 0.7482510019703998,
    "youden": 0.4965020039407997,
    "prevalence": 0.13932907600126143,
    "alerts_per_1000": 357.7932828760643,
    "auc": 0.8249974651099137
  }
}