{
  "round": 1,
  "metrics": {
    "tp": 55310.0,
    "fp": 127910.0,
    "tn": 308760.0,
    "fn": 15380.0,
    "tpr": 0.7824303296081483,
    "recall": 0.7824303296081483,
    "fpr": 0.29292142808070165,
    "spec": 0.7070785719192983,
    "ppv": 0.3018775242877415,
    "precision": 0.3018775242877415,
    "npv": 0.9525513666934041,
    "f1": 0.43566618093025083,
    "balanced_accuracy": 0.7447544507637234,
    "youden": 0.48950890152744675,
    "prevalence": 0.13932907600126143,
    "alerts_per_1000": 361.1242510249133,
    "auc": 0.8184047034705354
  }
}