{
  "round": 1,
  "metrics": {
    "tp": 52070.0,
    "fp": 111330.0,
    "tn": 325340.0,
    "fn": 18620.0,
    "tpr": 0.7365964068467958,
    "recall": 0.7365964068467958,
    "fpr": 0.25495225227288343,
    "spec": 0.7450477477271166,
    "ppv": 0.31866585067319464,
    "precision": 0.31866585067319464,
    "npv": 0.9458657983486451,
    "f1": 0.44487163056943907,
    "balanced_accuracy": 0.7408220772869563,
    "youden": 0.4816441545739125,
    "prevalence": 0.13932907600126143,
    "alerts_per_1000": 322.05928729107535,
    "auc": 0.8199056703732952
  }
}