{
  "round": 8,
  "metrics": {
    "tp": 56060.0,
    "fp": 129630.0,
    "tn": 307040.0,
    "fn": 14630.0,
    "tpr": 0.7930400339510539,
    "recall": 0.7930400339510539,
    "fpr": 0.2968603293104633,
    "spec": 0.7031396706895368,
    "ppv": 0.30190101782540796,
    "precision": 0.30190101782540796,
    "npv": 0.954518606024808,
    "f1": 0.43731960371323814,
    "balanced_accuracy": 0.7480898523202953,
    "youden": 0.4961797046405907,
    "prevalence": 0.13932907600126143,
    "alerts_per_1000": 365.9925890886156,
    "auc": 0.8240477191637428
  }
}