{
  "round": 11,
  "metrics": {
    "tp": 54730.0,
    "fp": 121590.0,
    "tn": 315080.0,
    "fn": 15960.0,
    "tpr": 0.7742254915829679,
    "recall": 0.7742254915829679,
    "fpr": 0.2784482561201823,
    "spec": 0.7215517438798177,
    "ppv": 0.31040154264972775,
    "precision": 0.31040154264972775,
    "npv": 0.9517883035282745,
    "f1": 0.44313995384802235,
    "balanced_accuracy": 0.7478886177313928,
    "youden": 0.4957772354627856,
    "prevalence": 0.13932907600126143,
    "alerts_per_1000": 347.52444023967206,
    "auc": 0.8248333058903142
  }
}