{
  "round": 11,
  "metrics": {
    "tp": 45240.0,
    "fp": 78940.0,
    "tn": 357730.0,
    "fn": 25450.0,
    "tpr": 0.6399773659640685,
    "recall": 0.6399773659640685,
    "fpr": 0.18077724597522157,
    "spec": 0.8192227540247784,
    "ppv": 0.36430987276534066,
    "precision": 0.36430987276534066,
    "npv": 0.9335821285035754,
    "f1": 0.4643095396931287,
    "balanced_accuracy": 0.7296000599944235,
    "youden": 0.4592001199888469,
    "prevalence": 0.13932907600126143,
    "alerts_per_1000": 244.75717439293598,
    "auc": 0.8257069508709293
  }
}