{
  "round": 7,
  "metrics": {
    "tp": 55470.0,
    "fp": 126210.0,
    "tn": 310460.0,
    "fn": 15220.0,
    "tpr": 0.7846937332013014,
    "recall": 0.7846937332013014,
    "fpr": 0.2890283280280303,
    "spec": 0.7109716719719696,
    "ppv": 0.30531704095112283,
    "precision": 0.30531704095112283,
    "npv": 0.9532670105625154,
    "f1": 0.43959266156833215,
    "balanced_accuracy": 0.7478327025866356,
    "youden": 0.4956654051732712,
    "prevalence": 0.13932907600126143,
    "alerts_per_1000": 358.08893093661305,
    "auc": 0.8241881970561012
  }
}