,,recall,recall,recall,spec,spec,spec,f1,f1,f1,precision,precision,precision,npv,npv,npv,balanced_accuracy,balanced_accuracy,balanced_accuracy,youden,youden,youden,alerts_per_1000,alerts_per_1000,alerts_per_1000,auc,auc,auc
,,mean,std,count,mean,std,count,mean,std,count,mean,std,count,mean,std,count,mean,std,count,mean,std,count,mean,std,count,mean,std,count
alpha,threshold,,,,,,,,,,,,,,,,,,,,,,,,,,,
0.3,0.35,0.6924175979629368,0.0184984172307698,10,0.7857558339249319,0.012480950082886747,10,0.45924899797219015,0.0026927028764046207,10,0.34377463132803376,0.006885366047911545,10,0.9404489779338914,0.0025501885038332604,10,0.7390867159439343,0.0032051447880057015,10,0.47817343188786865,0.00641028957601138,10,280.867628508357,13.297363758675502,10,0.8248803332483019,0.0009388235092909259,10
0.3,0.42,0.6317866742113453,0.08603791000426297,10,0.8171113197609179,0.05811121778433774,10,0.4589566526389173,0.010533886492436795,10,0.3664626536520652,0.034441272660799875,10,0.9328485673297433,0.011370885185882171,10,0.7244489969861315,0.01440435911463536,10,0.44889799397226315,0.028808718229270686,10,245.43322295805737,61.95380669635144,10,0.8251252138839325,0.001361852055072721,10
0.3,0.5,0.7705191681991795,0.0252124694383885,10,0.7240227173838367,0.021793686525610836,10,0.4436864849990724,0.0064782464509324225,10,0.3119125301601037,0.010901741327747828,10,0.9513026297243569,0.0035823248803171235,10,0.7472709427915081,0.002262629894083306,10,0.49454188558301626,0.004525259788166639,10,344.88134657836645,22.24634449506631,10,0.8241396197212302,0.0015050939029706582,10
