{
  "round": 8,
  "metrics": {
    "tp": 55750.0,
    "fp": 128130.0,
    "tn": 308540.0,
    "fn": 14940.0,
    "tpr": 0.7886546894893196,
    "recall": 0.7886546894893196,
    "fpr": 0.29342524102869444,
    "spec": 0.7065747589713056,
    "ppv": 0.30318686099630193,
    "precision": 0.30318686099630193,
    "npv": 0.9538147644367504,
    "f1": 0.4379934792002199,
    "balanced_accuracy": 0.7476147242303126,
    "youden": 0.4952294484606252,
    "prevalence": 0.13932907600126143,
    "alerts_per_1000": 362.42510249132766,
    "auc": 0.8228996348128769
  }
}