{
  "round": 12,
  "metrics": {
    "tp": 54220.0,
    "fp": 121080.0,
    "tn": 315590.0,
    "fn": 16470.0,
    "tpr": 0.767010892629792,
    "recall": 0.767010892629792,
    "fpr": 0.27728032610438086,
    "spec": 0.7227196738956192,
    "ppv": 0.30929834569309755,
    "precision": 0.30929834569309755,
    "npv": 0.9504005300246944,
    "f1": 0.4408309280865076,
    "balanced_accuracy": 0.7448652832627056,
    "youden": 0.48973056652541125,
    "prevalence": 0.13932907600126143,
    "alerts_per_1000": 345.5140334279407,
    "auc": 0.8220141572675906
  }
}