{
  "round": 11,
  "metrics": {
    "tp": 52140.0,
    "fp": 111020.0,
    "tn": 325650.0,
    "fn": 18550.0,
    "tpr": 0.7375866459188004,
    "recall": 0.7375866459188004,
    "fpr": 0.2542423340279845,
    "spec": 0.7457576659720155,
    "ppv": 0.3195636185339544,
    "precision": 0.3195636185339544,
    "npv": 0.9461069145845439,
    "f1": 0.445926876202694,
    "balanced_accuracy": 0.741672155945408,
    "youden": 0.48334431189081606,
    "prevalence": 0.13932907600126143,
    "alerts_per_1000": 321.5862503941974,
    "auc": 0.8227719257237084
  }
}