{
  "round": 19,
  "metrics": {
    "tp": 54060.0,
    "fp": 119510.0,
    "tn": 317160.0,
    "fn": 16630.0,
    "tpr": 0.7647474890366388,
    "recall": 0.7647474890366388,
    "fpr": 0.2736849337027962,
    "spec": 0.7263150662972038,
    "ppv": 0.31145935357492655,
    "precision": 0.31145935357492655,
    "npv": 0.9501782557895683,
    "f1": 0.4426430852370425,
    "balanced_accuracy": 0.7455312776669213,
    "youden": 0.4910625553338426,
    "prevalence": 0.13932907600126143,
    "alerts_per_1000": 342.10422579627874,
    "auc": 0.8225489989094699
  }
}