{
  "round": 7,
  "metrics": {
    "tp": 53880.0,
    "fp": 117600.0,
    "tn": 319070.0,
    "fn": 16810.0,
    "tpr": 0.7622011599943415,
    "recall": 0.7622011599943415,
    "fpr": 0.2693109212906772,
    "spec": 0.7306890787093228,
    "ppv": 0.31420573827851644,
    "precision": 0.31420573827851644,
    "npv": 0.9499523639395022,
    "f1": 0.44497666928190943,
    "balanced_accuracy": 0.7464451193518321,
    "youden": 0.4928902387036642,
    "prevalence": 0.13932907600126143,
    "alerts_per_1000": 337.9848628192999,
    "auc": 0.822256560434684
  }
}