{
  "round": 11,
  "metrics": {
    "tp": 53680.0,
    "fp": 118130.0,
    "tn": 318540.0,
    "fn": 17010.0,
    "tpr": 0.7593719055029,
    "recall": 0.7593719055029,
    "fpr": 0.27052465248356883,
    "spec": 0.7294753475164312,
    "ppv": 0.31243815843082473,
    "precision": 0.31243815843082473,
    "npv": 0.9493071077335717,
    "f1": 0.4427216494845361,
    "balanced_accuracy": 0.7444236265096655,
    "youden": 0.4888472530193311,
    "prevalence": 0.13932907600126143,
    "alerts_per_1000": 338.63528855250706,
    "auc": 0.8225002173191021
  }
}