{
  "round": 4,
  "metrics": {
    "tp": 54230.0,
    "fp": 121530.0,
    "tn": 315140.0,
    "fn": 16460.0,
    "tpr": 0.7671523553543641,
    "recall": 0.7671523553543641,
    "fpr": 0.27831085258891153,
    "spec": 0.7216891474110885,
    "ppv": 0.3085457441966318,
    "precision": 0.3085457441966318,
    "npv": 0.9503618817852835,
    "f1": 0.4400892675999188,
    "balanced_accuracy": 0.7444207513827263,
    "youden": 0.4888415027654527,
    "prevalence": 0.13932907600126143,
    "alerts_per_1000": 346.42068748029016,
    "auc": 0.8216471744452704
  }
}