{
  "round": 17,
  "metrics": {
    "tp": 55220.0,
    "fp": 126640.0,
    "tn": 310030.0,
    "fn": 15470.0,
    "tpr": 0.7811571650869996,
    "recall": 0.7811571650869996,
    "fpr": 0.2900130533354707,
    "spec": 0.7099869466645292,
    "ppv": 0.3036401627625646,
    "precision": 0.3036401627625646,
    "npv": 0.9524731182795699,
    "f1": 0.43729954464462484,
    "balanced_accuracy": 0.7455720558757644,
    "youden": 0.4911441117515287,
    "prevalence": 0.13932907600126143,
    "alerts_per_1000": 358.44370860927154,
    "auc": 0.8227373950442199
  }
}