{
  "round": 20,
  "metrics": {
    "tp": 53420.0,
    "fp": 117020.0,
    "tn": 319650.0,
    "fn": 17270.0,
    "tpr": 0.755693874664026,
    "recall": 0.755693874664026,
    "fpr": 0.2679826871550599,
    "spec": 0.7320173128449401,
    "ppv": 0.31342407885472895,
    "precision": 0.31342407885472895,
    "npv": 0.9487415410186394,
    "f1": 0.4430804959980094,
    "balanced_accuracy": 0.7438555937544831,
    "youden": 0.48771118750896614,
    "prevalence": 0.13932907600126143,
    "alerts_per_1000": 335.9350362661621,
    "auc": 0.822105983152767
  }
}