{
  "round": 19,
  "metrics": {
    "tp": 55450.0,
    "fp": 127620.0,
    "tn": 309050.0,
    "fn": 15240.0,
    "tpr": 0.7844108077521573,
    "recall": 0.7844108077521573,
    "fpr": 0.29225731101289304,
    "spec": 0.707742688987107,
    "ppv": 0.30288960506909923,
    "precision": 0.30288960506909923,
    "npv": 0.9530050263652903,
    "f1": 0.4370271122320302,
    "balanced_accuracy": 0.7460767483696322,
    "youden": 0.49215349673926445,
    "prevalence": 0.13932907600126143,
    "alerts_per_1000": 360.8286029643645,
    "auc": 0.822680849801221
  }
}